Label	timestamp	ball_x	ball_y	confidence	ball_vx	ball_vy	f1_x	f1_y	f1_vx	f1_vy	f2_x	f2_y	f2_vx	f2_vy	f3_x	f3_y	f3_vx	f3_vy	f4_x	f4_y	f4_vx	f4_vy	f5_x	f5_y	f5_vx	f5_vy	f6_x	f6_y	f6_vx	f6_vy	e1_x	e1_y	e1_vx	e1_vy	e2_x	e2_y	e2_vx	e2_vy	e3_x	e3_y	e3_vx	e3_vy	e4_x	e4_y	e4_vx	e4_vy	e5_x	e5_y	e5_vx	e5_vy	e6_x	e6_y	e6_vx	e6_vy
Tick	1.233542579	0	0	X	0	0	X	X	X	X	X	X	X	X	X	X	X	X	X	X	X	X	X	X	X	X	X	X	X	X	X	X	X	X	X	X	X	X	X	X	X	X	X	X	X	X	X	X	X	X	X	X	X	X
Tick	1.266905023	0	0	X	0	0	X	X	X	X	X	X	X	X	X	X	X	X	X	X	X	X	X	X	X	X	X	X	X	X	X	X	X	X	X	X	X	X	X	X	X	X	X	X	X	X	X	X	X	X	X	X	X	X
Tick	1.300269314	0	0	X	0	0	X	X	X	X	X	X	X	X	X	X	X	X	X	X	X	X	X	X	X	X	X	X	X	X	X	X	X	X	X	X	X	X	X	X	X	X	X	X	X	X	X	X	X	X	X	X	X	X
Tick	1.333604790	0	0	X	0	0	X	X	X	X	X	X	X	X	X	X	X	X	X	X	X	X	X	X	X	X	X	X	X	X	X	X	X	X	X	X	X	X	X	X	X	X	X	X	X	X	X	X	X	X	X	X	X	X
Tick	1.366936335	0	0	X	0	0	X	X	X	X	X	X	X	X	X	X	X	X	X	X	X	X	X	X	X	X	X	X	X	X	X	X	X	X	X	X	X	X	X	X	X	X	X	X	X	X	X	X	X	X	X	X	X	X
Tick	1.400268979	0	0	X	0	0	X	X	X	X	X	X	X	X	X	X	X	X	X	X	X	X	X	X	X	X	X	X	X	X	X	X	X	X	X	X	X	X	X	X	X	X	X	X	X	X	X	X	X	X	X	X	X	X
Tick	1.433603053	0	0	X	0	0	X	X	X	X	X	X	X	X	X	X	X	X	X	X	X	X	X	X	X	X	X	X	X	X	X	X	X	X	X	X	X	X	X	X	X	X	X	X	X	X	X	X	X	X	X	X	X	X
Tick	1.466934105	0	0	X	0	0	X	X	X	X	X	X	X	X	X	X	X	X	X	X	X	X	X	X	X	X	X	X	X	X	X	X	X	X	X	X	X	X	X	X	X	X	X	X	X	X	X	X	X	X	X	X	X	X
Tick	1.500252632	0	0	X	0	0	X	X	X	X	X	X	X	X	X	X	X	X	X	X	X	X	X	X	X	X	X	X	X	X	X	X	X	X	X	X	X	X	X	X	X	X	X	X	X	X	X	X	X	X	X	X	X	X
Tick	1.533535817	0	0	X	0	0	X	X	X	X	X	X	X	X	X	X	X	X	X	X	X	X	X	X	X	X	X	X	X	X	X	X	X	X	X	X	X	X	X	X	X	X	X	X	X	X	X	X	X	X	X	X	X	X
Tick	1.566865460	0	0	X	0	0	X	X	X	X	X	X	X	X	X	X	X	X	X	X	X	X	X	X	X	X	X	X	X	X	X	X	X	X	X	X	X	X	X	X	X	X	X	X	X	X	X	X	X	X	X	X	X	X
Tick	1.600174856	0	0	X	0	0	X	X	X	X	X	X	X	X	X	X	X	X	X	X	X	X	X	X	X	X	X	X	X	X	X	X	X	X	X	X	X	X	X	X	X	X	X	X	X	X	X	X	X	X	X	X	X	X
Tick	1.633603496	0	0	X	0	0	X	X	X	X	X	X	X	X	X	X	X	X	X	X	X	X	X	X	X	X	X	X	X	X	X	X	X	X	X	X	X	X	X	X	X	X	X	X	X	X	X	X	X	X	X	X	X	X
Tick	1.666961208	0	0	X	0	0	X	X	X	X	X	X	X	X	X	X	X	X	X	X	X	X	X	X	X	X	X	X	X	X	X	X	X	X	X	X	X	X	X	X	X	X	X	X	X	X	X	X	X	X	X	X	X	X
Tick	1.700201379	0	0	X	0	0	X	X	X	X	X	X	X	X	X	X	X	X	X	X	X	X	X	X	X	X	X	X	X	X	X	X	X	X	X	X	X	X	X	X	X	X	X	X	X	X	X	X	X	X	X	X	X	X
Tick	1.733533803	0	0	X	0	0	X	X	X	X	X	X	X	X	X	X	X	X	X	X	X	X	X	X	X	X	X	X	X	X	X	X	X	X	X	X	X	X	X	X	X	X	X	X	X	X	X	X	X	X	X	X	X	X
Tick	1.766839979	0	0	X	0	0	X	X	X	X	X	X	X	X	X	X	X	X	X	X	X	X	X	X	X	X	X	X	X	X	X	X	X	X	X	X	X	X	X	X	X	X	X	X	X	X	X	X	X	X	X	X	X	X
Tick	1.800198253	0	0	X	0	0	X	X	X	X	X	X	X	X	X	X	X	X	X	X	X	X	X	X	X	X	X	X	X	X	X	X	X	X	X	X	X	X	X	X	X	X	X	X	X	X	X	X	X	X	X	X	X	X
Tick	1.833530712	0	0	X	0	0	X	X	X	X	X	X	X	X	X	X	X	X	X	X	X	X	X	X	X	X	X	X	X	X	X	X	X	X	X	X	X	X	X	X	X	X	X	X	X	X	X	X	X	X	X	X	X	X
Tick	1.866840172	0	0	X	0	0	X	X	X	X	X	X	X	X	X	X	X	X	X	X	X	X	X	X	X	X	X	X	X	X	X	X	X	X	X	X	X	X	X	X	X	X	X	X	X	X	X	X	X	X	X	X	X	X
Tick	1.900172630	0	0	X	0	0	X	X	X	X	X	X	X	X	X	X	X	X	X	X	X	X	X	X	X	X	X	X	X	X	X	X	X	X	X	X	X	X	X	X	X	X	X	X	X	X	X	X	X	X	X	X	X	X
Tick	1.933532057	0	0	X	0	0	X	X	X	X	X	X	X	X	X	X	X	X	X	X	X	X	X	X	X	X	X	X	X	X	X	X	X	X	X	X	X	X	X	X	X	X	X	X	X	X	X	X	X	X	X	X	X	X
Tick	1.966839386	0	0	X	0	0	X	X	X	X	X	X	X	X	X	X	X	X	X	X	X	X	X	X	X	X	X	X	X	X	X	X	X	X	X	X	X	X	X	X	X	X	X	X	X	X	X	X	X	X	X	X	X	X
Tick	2.000199896	0	0	X	0	0	X	X	X	X	X	X	X	X	X	X	X	X	X	X	X	X	X	X	X	X	X	X	X	X	X	X	X	X	X	X	X	X	X	X	X	X	X	X	X	X	X	X	X	X	X	X	X	X
Tick	2.033531300	0	0	X	0	0	X	X	X	X	X	X	X	X	X	X	X	X	X	X	X	X	X	X	X	X	X	X	X	X	X	X	X	X	X	X	X	X	X	X	X	X	X	X	X	X	X	X	X	X	X	X	X	X
Tick	2.066841511	0	0	X	0	0	X	X	X	X	X	X	X	X	X	X	X	X	X	X	X	X	X	X	X	X	X	X	X	X	X	X	X	X	X	X	X	X	X	X	X	X	X	X	X	X	X	X	X	X	X	X	X	X
Tick	2.100173148	0	0	X	0	0	X	X	X	X	X	X	X	X	X	X	X	X	X	X	X	X	X	X	X	X	X	X	X	X	X	X	X	X	X	X	X	X	X	X	X	X	X	X	X	X	X	X	X	X	X	X	X	X
Tick	2.133568933	0	0	X	0	0	X	X	X	X	X	X	X	X	X	X	X	X	X	X	X	X	X	X	X	X	X	X	X	X	X	X	X	X	X	X	X	X	X	X	X	X	X	X	X	X	X	X	X	X	X	X	X	X
Tick	2.166838891	0	0	X	0	0	X	X	X	X	X	X	X	X	X	X	X	X	X	X	X	X	X	X	X	X	X	X	X	X	X	X	X	X	X	X	X	X	X	X	X	X	X	X	X	X	X	X	X	X	X	X	X	X
Tick	2.200197418	0	0	X	0	0	X	X	X	X	X	X	X	X	X	X	X	X	X	X	X	X	X	X	X	X	X	X	X	X	X	X	X	X	X	X	X	X	X	X	X	X	X	X	X	X	X	X	X	X	X	X	X	X
Tick	2.233530729	0	0	X	0	0	X	X	X	X	X	X	X	X	X	X	X	X	X	X	X	X	X	X	X	X	X	X	X	X	X	X	X	X	X	X	X	X	X	X	X	X	X	X	X	X	X	X	X	X	X	X	X	X
Vision	2.234904867	-1.23607	1.59881	0.988813	X	X
Tick	2.266930475	-1.23607	1.59881	X	-9.5e-05	0.000124	X	X	X	X	X	X	X	X	X	X	X	X	X	X	X	X	X	X	X	X	X	X	X	X	X	X	X	X	X	X	X	X	X	X	X	X	X	X	X	X	X	X	X	X	X	X	X	X
Tick	2.300192960	-1.23607	1.59882	X	-9.5e-05	0.000124	X	X	X	X	X	X	X	X	X	X	X	X	X	X	X	X	X	X	X	X	X	X	X	X	X	X	X	X	X	X	X	X	X	X	X	X	X	X	X	X	X	X	X	X	X	X	X	X
Tick	2.333505126	-1.23608	1.59882	X	-9.5e-05	0.000124	X	X	X	X	X	X	X	X	X	X	X	X	X	X	X	X	X	X	X	X	X	X	X	X	X	X	X	X	X	X	X	X	X	X	X	X	X	X	X	X	X	X	X	X	X	X	X	X
Tick	2.366892913	-1.23608	1.59882	X	-9.5e-05	0.000123	X	X	X	X	X	X	X	X	X	X	X	X	X	X	X	X	X	X	X	X	X	X	X	X	X	X	X	X	X	X	X	X	X	X	X	X	X	X	X	X	X	X	X	X	X	X	X	X
Tick	2.400275701	-1.23608	1.59882	X	-9.5e-05	0.000123	X	X	X	X	X	X	X	X	X	X	X	X	X	X	X	X	X	X	X	X	X	X	X	X	X	X	X	X	X	X	X	X	X	X	X	X	X	X	X	X	X	X	X	X	X	X	X	X
Tick	2.433531140	-1.23608	1.59882	X	-9.5e-05	0.000123	X	X	X	X	X	X	X	X	X	X	X	X	X	X	X	X	X	X	X	X	X	X	X	X	X	X	X	X	X	X	X	X	X	X	X	X	X	X	X	X	X	X	X	X	X	X	X	X
Tick	2.466833588	-1.23608	1.59883	X	-9.5e-05	0.000123	X	X	X	X	X	X	X	X	X	X	X	X	X	X	X	X	X	X	X	X	X	X	X	X	X	X	X	X	X	X	X	X	X	X	X	X	X	X	X	X	X	X	X	X	X	X	X	X
Tick	2.500218640	-1.23608	1.59883	X	-9.5e-05	0.000123	X	X	X	X	X	X	X	X	X	X	X	X	X	X	X	X	X	X	X	X	X	X	X	X	X	X	X	X	X	X	X	X	X	X	X	X	X	X	X	X	X	X	X	X	X	X	X	X
Tick	2.533504009	-1.23609	1.59883	X	-9.5e-05	0.000123	X	X	X	X	X	X	X	X	X	X	X	X	X	X	X	X	X	X	X	X	X	X	X	X	X	X	X	X	X	X	X	X	X	X	X	X	X	X	X	X	X	X	X	X	X	X	X	X
Tick	2.566832204	-1.23609	1.59883	X	-9.5e-05	0.000123	X	X	X	X	X	X	X	X	X	X	X	X	X	X	X	X	X	X	X	X	X	X	X	X	X	X	X	X	X	X	X	X	X	X	X	X	X	X	X	X	X	X	X	X	X	X	X	X
Tick	2.600196301	-1.23609	1.59883	X	-9.5e-05	0.000123	X	X	X	X	X	X	X	X	X	X	X	X	X	X	X	X	X	X	X	X	X	X	X	X	X	X	X	X	X	X	X	X	X	X	X	X	X	X	X	X	X	X	X	X	X	X	X	X
Tick	2.633530008	-1.23609	1.59884	X	-9.5e-05	0.000123	X	X	X	X	X	X	X	X	X	X	X	X	X	X	X	X	X	X	X	X	X	X	X	X	X	X	X	X	X	X	X	X	X	X	X	X	X	X	X	X	X	X	X	X	X	X	X	X
Tick	2.666832057	-1.23609	1.59884	X	-9.5e-05	0.000123	X	X	X	X	X	X	X	X	X	X	X	X	X	X	X	X	X	X	X	X	X	X	X	X	X	X	X	X	X	X	X	X	X	X	X	X	X	X	X	X	X	X	X	X	X	X	X	X
Tick	2.700196837	-1.23609	1.59884	X	-9.5e-05	0.000123	X	X	X	X	X	X	X	X	X	X	X	X	X	X	X	X	X	X	X	X	X	X	X	X	X	X	X	X	X	X	X	X	X	X	X	X	X	X	X	X	X	X	X	X	X	X	X	X
Tick	2.733531361	-1.23609	1.59884	X	-9.5e-05	0.000123	X	X	X	X	X	X	X	X	X	X	X	X	X	X	X	X	X	X	X	X	X	X	X	X	X	X	X	X	X	X	X	X	X	X	X	X	X	X	X	X	X	X	X	X	X	X	X	X
Tick	2.766830962	-1.2361	1.59884	X	-9.5e-05	0.000123	X	X	X	X	X	X	X	X	X	X	X	X	X	X	X	X	X	X	X	X	X	X	X	X	X	X	X	X	X	X	X	X	X	X	X	X	X	X	X	X	X	X	X	X	X	X	X	X
Tick	2.800194787	-1.2361	1.59885	X	-9.5e-05	0.000123	X	X	X	X	X	X	X	X	X	X	X	X	X	X	X	X	X	X	X	X	X	X	X	X	X	X	X	X	X	X	X	X	X	X	X	X	X	X	X	X	X	X	X	X	X	X	X	X
Vision	2.819922964	-1.24352	1.60618	0.991586	X	X
Tick	2.833583718	-1.24369	1.60635	X	-0.025427	0.025146	X	X	X	X	X	X	X	X	X	X	X	X	X	X	X	X	X	X	X	X	X	X	X	X	X	X	X	X	X	X	X	X	X	X	X	X	X	X	X	X	X	X	X	X	X	X	X	X
Vision	2.836428475	-1.23864	1.60489	0.995958	X	X
Tick	2.866886832	-1.24411	1.60676	X	-0.025419	0.025137	X	X	X	X	X	X	X	X	X	X	X	X	X	X	X	X	X	X	X	X	X	X	X	X	X	X	X	X	X	X	X	X	X	X	X	X	X	X	X	X	X	X	X	X	X	X	X	X
Tick	2.900195502	-1.24454	1.60718	X	-0.02541	0.025129	X	X	X	X	X	X	X	X	X	X	X	X	X	X	X	X	X	X	X	X	X	X	X	X	X	X	X	X	X	X	X	X	X	X	X	X	X	X	X	X	X	X	X	X	X	X	X	X
Vision	2.901366065	-1.24012	1.60876	0.987282	X	X
Tick	2.933581217	-1.23886	1.60975	X	0.081182	0.06255	X	X	X	X	X	X	X	X	X	X	X	X	X	X	X	X	X	X	X	X	X	X	X	X	X	X	X	X	X	X	X	X	X	X	X	X	X	X	X	X	X	X	X	X	X	X	X	X
Vision	2.950140554	-1.23967	1.60657	0.9992	X	X
Vision	2.966201419	-1.24167	1.61164	0.996805	X	X
Tick	2.966930376	-1.24086	1.60977	X	-0.033077	0.078572	X	X	X	X	X	X	X	X	X	X	X	X	X	X	X	X	X	X	X	X	X	X	X	X	X	X	X	X	X	X	X	X	X	X	X	X	X	X	X	X	X	X	X	X	X	X	X	X
Vision	2.998973869	-1.24775	1.61021	0.990248	X	X
Tick	3.000243604	-1.24689	1.61038	X	-0.287807	0.045836	X	X	X	X	X	X	X	X	X	X	X	X	X	X	X	X	X	X	X	X	X	X	X	X	X	X	X	X	X	X	X	X	X	X	X	X	X	X	X	X	X	X	X	X	X	X	X	X
Vision	3.014882152	-1.24529	1.61048	0.993968	X	X
Vision	3.031287005	-1.239	1.61235	0.990248	X	X
Tick	3.033557195	-1.24823	1.61092	X	-0.17498	0.038615	X	X	X	X	X	X	X	X	X	X	X	X	X	X	X	X	X	X	X	X	X	X	X	X	X	X	X	X	X	X	X	X	X	X	X	X	X	X	X	X	X	X	X	X	X	X	X	X
Vision	3.047411793	-1.24326	1.60945	0.993968	X	X
Vision	3.063980648	-1.24718	1.60288	0.993968	X	X
Tick	3.066883608	-1.24355	1.60943	X	0.072537	-0.030965	X	X	X	X	X	X	X	X	X	X	X	X	X	X	X	X	X	X	X	X	X	X	X	X	X	X	X	X	X	X	X	X	X	X	X	X	X	X	X	X	X	X	X	X	X	X	X	X
Vision	3.080040736	-1.24449	1.61414	0.990248	X	X
Vision	3.096475439	-1.24466	1.61319	0.993968	X	X
Tick	3.100270199	-1.24447	1.61393	X	0.002061	0.112345	X	X	X	X	X	X	X	X	X	X	X	X	X	X	X	X	X	X	X	X	X	X	X	X	X	X	X	X	X	X	X	X	X	X	X	X	X	X	X	X	X	X	X	X	X	X	X	X
Vision	3.112318627	-1.24552	1.60927	0.992826	X	X
Vision	3.129093821	-1.22974	1.60871	0.993968	X	X
Tick	3.133670558	-1.24541	1.61088	X	-0.030091	-0.049247	X	X	X	X	X	X	X	X	X	X	X	X	X	X	X	X	X	X	X	X	X	X	X	X	X	X	X	X	X	X	X	X	X	X	X	X	X	X	X	X	X	X	X	X	X	X	X	X
Vision	3.144980528	-1.24492	1.61043	0.992826	X	X
Tick	3.166963621	-1.24506	1.60983	X	-0.003137	-0.056554	X	X	X	X	X	X	X	X	X	X	X	X	X	X	X	X	X	X	X	X	X	X	X	X	X	X	X	X	X	X	X	X	X	X	X	X	X	X	X	X	X	X	X	X	X	X	X	X
Vision	3.177478185	-1.23733	1.60803	0.996805	X	X
Vision	3.193693442	-1.24643	1.61217	0.990248	X	X
Tick	3.200251569	-1.23512	1.60695	X	0.295474	-0.114663	X	X	X	X	X	X	X	X	X	X	X	X	X	X	X	X	X	X	X	X	X	X	X	X	X	X	X	X	X	X	X	X	X	X	X	X	X	X	X	X	X	X	X	X	X	X	X	X
Vision	3.209862478	-1.24458	1.60856	0.991586	X	X
Vision	3.226143237	-1.24492	1.61043	0.992826	X	X
Tick	3.233580752	-1.24488	1.61038	X	-0.182461	0.059462	X	X	X	X	X	X	X	X	X	X	X	X	X	X	X	X	X	X	X	X	X	X	X	X	X	X	X	X	X	X	X	X	X	X	X	X	X	X	X	X	X	X	X	X	X	X	X	X
Vision	3.258904368	-1.24643	1.61217	0.990248	X	X
Tick	3.266876491	-1.24716	1.6124	X	-0.153811	0.097763	X	X	X	X	X	X	X	X	X	X	X	X	X	X	X	X	X	X	X	X	X	X	X	X	X	X	X	X	X	X	X	X	X	X	X	X	X	X	X	X	X	X	X	X	X	X	X	X
Vision	3.275124683	-1.24305	1.60649	0.987282	X	X
Vision	3.291252207	-1.2489	1.60737	0.988813	X	X
Tick	3.300218887	-1.24958	1.60767	X	-0.14852	-0.143827	X	X	X	X	X	X	X	X	X	X	X	X	X	X	X	X	X	X	X	X	X	X	X	X	X	X	X	X	X	X	X	X	X	X	X	X	X	X	X	X	X	X	X	X	X	X	X	X
Vision	3.307413316	-1.23722	1.61047	0.998202	X	X
Vision	3.323719264	-1.24304	1.6121	0.995958	X	X
Tick	3.333582867	-1.24343	1.61164	X	0.172554	0.0933	X	X	X	X	X	X	X	X	X	X	X	X	X	X	X	X	X	X	X	X	X	X	X	X	X	X	X	X	X	X	X	X	X	X	X	X	X	X	X	X	X	X	X	X	X	X	X	X
Vision	3.356233642	-1.24807	1.60253	0.990248	X	X
Tick	3.366888873	-1.24056	1.6132	X	0.172496	0.093268	X	X	X	X	X	X	X	X	X	X	X	X	X	X	X	X	X	X	X	X	X	X	X	X	X	X	X	X	X	X	X	X	X	X	X	X	X	X	X	X	X	X	X	X	X	X	X	X
Vision	3.372441828	-1.23459	1.60597	0.987282	X	X
Tick	3.400237996	-1.2298	1.604	X	0.364977	-0.169246	X	X	X	X	X	X	X	X	X	X	X	X	X	X	X	X	X	X	X	X	X	X	X	X	X	X	X	X	X	X	X	X	X	X	X	X	X	X	X	X	X	X	X	X	X	X	X	X
Vision	3.421406384	-1.23521	1.60611	0.992826	X	X
Tick	3.433557461	-1.23445	1.6057	X	0.042892	-0.033752	X	X	X	X	X	X	X	X	X	X	X	X	X	X	X	X	X	X	X	X	X	X	X	X	X	X	X	X	X	X	X	X	X	X	X	X	X	X	X	X	X	X	X	X	X	X	X	X
Vision	3.437613063	-1.23183	1.60707	0.991586	X	X
Vision	3.453741508	-1.2387	1.60991	0.991586	X	X
Tick	3.466932064	-1.23111	1.60663	X	0.11017	0.004447	X	X	X	X	X	X	X	X	X	X	X	X	X	X	X	X	X	X	X	X	X	X	X	X	X	X	X	X	X	X	X	X	X	X	X	X	X	X	X	X	X	X	X	X	X	X	X	X
Vision	3.469969740	-1.24458	1.60856	0.991586	X	X
Vision	3.486437857	-1.24698	1.6081	0.995958	X	X
Tick	3.500231097	-1.24947	1.6084	X	-0.496347	0.05552	X	X	X	X	X	X	X	X	X	X	X	X	X	X	X	X	X	X	X	X	X	X	X	X	X	X	X	X	X	X	X	X	X	X	X	X	X	X	X	X	X	X	X	X	X	X	X	X
Vision	3.502398409	-1.24375	1.60507	0.996805	X	X
Vision	3.518904266	-1.24626	1.6047	0.992826	X	X
Tick	3.533559227	-1.24901	1.60463	X	-0.205571	-0.100772	X	X	X	X	X	X	X	X	X	X	X	X	X	X	X	X	X	X	X	X	X	X	X	X	X	X	X	X	X	X	X	X	X	X	X	X	X	X	X	X	X	X	X	X	X	X	X	X
Vision	3.535095404	-1.24317	1.60917	0.995958	X	X
Tick	3.566858983	-1.25243	1.60295	X	-0.205502	-0.100738	X	X	X	X	X	X	X	X	X	X	X	X	X	X	X	X	X	X	X	X	X	X	X	X	X	X	X	X	X	X	X	X	X	X	X	X	X	X	X	X	X	X	X	X	X	X	X	X
Vision	3.583845276	-1.23739	1.60663	0.995012	X	X
Tick	3.600239924	-1.23542	1.60679	X	0.280166	0.030379	X	X	X	X	X	X	X	X	X	X	X	X	X	X	X	X	X	X	X	X	X	X	X	X	X	X	X	X	X	X	X	X	X	X	X	X	X	X	X	X	X	X	X	X	X	X	X	X
Vision	3.600207972	-1.24433	1.60326	0.990248	X	X
Vision	3.632581826	-1.24326	1.60945	0.993968	X	X
Tick	3.633580335	-1.24263	1.60938	X	-0.150162	0.105885	X	X	X	X	X	X	X	X	X	X	X	X	X	X	X	X	X	X	X	X	X	X	X	X	X	X	X	X	X	X	X	X	X	X	X	X	X	X	X	X	X	X	X	X	X	X	X	X
Vision	3.665047791	-1.24221	1.60947	0.993968	X	X
Tick	3.666878432	-1.24269	1.60976	X	-0.045944	0.047033	X	X	X	X	X	X	X	X	X	X	X	X	X	X	X	X	X	X	X	X	X	X	X	X	X	X	X	X	X	X	X	X	X	X	X	X	X	X	X	X	X	X	X	X	X	X	X	X
Vision	3.681310179	-1.23792	1.60854	0.990248	X	X
Vision	3.697521300	-1.24394	1.6076	0.992826	X	X
Tick	3.700257466	-1.24199	1.60812	X	-0.04946	-0.046643	X	X	X	X	X	X	X	X	X	X	X	X	X	X	X	X	X	X	X	X	X	X	X	X	X	X	X	X	X	X	X	X	X	X	X	X	X	X	X	X	X	X	X	X	X	X	X	X
Vision	3.714164190	-1.24496	1.60617	0.993968	X	X
Vision	3.730039728	-1.24279	1.60752	0.995012	X	X
Tick	3.733614347	-1.24379	1.60682	X	-0.064331	-0.051618	X	X	X	X	X	X	X	X	X	X	X	X	X	X	X	X	X	X	X	X	X	X	X	X	X	X	X	X	X	X	X	X	X	X	X	X	X	X	X	X	X	X	X	X	X	X	X	X
Vision	3.746291035	-1.24646	1.6055	0.991586	X	X
Vision	3.762619645	-1.2459	1.60491	0.991586	X	X
Tick	3.766908915	-1.24644	1.60484	X	-0.111724	-0.093024	X	X	X	X	X	X	X	X	X	X	X	X	X	X	X	X	X	X	X	X	X	X	X	X	X	X	X	X	X	X	X	X	X	X	X	X	X	X	X	X	X	X	X	X	X	X	X	X
Vision	3.778776542	-1.24374	1.60852	0.995012	X	X
Vision	3.795258636	-1.23928	1.6099	0.991586	X	X
Tick	3.800222198	-1.24514	1.60726	X	-0.005378	0.040695	X	X	X	X	X	X	X	X	X	X	X	X	X	X	X	X	X	X	X	X	X	X	X	X	X	X	X	X	X	X	X	X	X	X	X	X	X	X	X	X	X	X	X	X	X	X	X	X
Vision	3.811221269	-1.24326	1.60945	0.993968	X	X
Vision	3.827384899	-1.24362	1.6067	0.997553	X	X
Tick	3.833579841	-1.24324	1.60793	X	0.052818	0.016749	X	X	X	X	X	X	X	X	X	X	X	X	X	X	X	X	X	X	X	X	X	X	X	X	X	X	X	X	X	X	X	X	X	X	X	X	X	X	X	X	X	X	X	X	X	X	X	X
Vision	3.843817563	-1.24397	1.61256	0.995958	X	X
Vision	3.860062621	-1.24133	1.60987	0.997553	X	X
Tick	3.866908758	-1.24186	1.61104	X	0.086753	0.087316	X	X	X	X	X	X	X	X	X	X	X	X	X	X	X	X	X	X	X	X	X	X	X	X	X	X	X	X	X	X	X	X	X	X	X	X	X	X	X	X	X	X	X	X	X	X	X	X
Vision	3.876329875	-1.24363	1.61108	0.995012	X	X
Vision	3.892752686	-1.24359	1.6088	0.996805	X	X
Tick	3.900247664	-1.24325	1.60993	X	-0.013478	-0.021677	X	X	X	X	X	X	X	X	X	X	X	X	X	X	X	X	X	X	X	X	X	X	X	X	X	X	X	X	X	X	X	X	X	X	X	X	X	X	X	X	X	X	X	X	X	X	X	X
Vision	3.909198594	-1.24467	1.60718	0.995958	X	X
Vision	3.925259314	-1.24124	1.61119	0.996805	X	X
Tick	3.933579514	-1.24238	1.60972	X	0.048776	0.013802	X	X	X	X	X	X	X	X	X	X	X	X	X	X	X	X	X	X	X	X	X	X	X	X	X	X	X	X	X	X	X	X	X	X	X	X	X	X	X	X	X	X	X	X	X	X	X	X
Vision	3.957552623	-1.24108	1.60865	0.991586	X	X
Tick	3.966878447	-1.24084	1.60868	X	0.077503	-0.036083	X	X	X	X	X	X	X	X	X	X	X	X	X	X	X	X	X	X	X	X	X	X	X	X	X	X	X	X	X	X	X	X	X	X	X	X	X	X	X	X	X	X	X	X	X	X	X	X
Vision	3.973843838	-1.24576	1.60709	0.997553	X	X
Vision	3.990037412	-1.24326	1.60945	0.993968	X	X
Tick	4.000248857	-1.244	1.60843	X	-0.039797	-0.005056	X	X	X	X	X	X	X	X	X	X	X	X	X	X	X	X	X	X	X	X	X	X	X	X	X	X	X	X	X	X	X	X	X	X	X	X	X	X	X	X	X	X	X	X	X	X	X	X
Vision	4.006425993	-1.23937	1.6117	0.992826	X	X
Vision	4.022704709	-1.24352	1.60618	0.991586	X	X
Tick	4.033554141	-1.24368	1.60602	X	-0.002361	-0.093792	X	X	X	X	X	X	X	X	X	X	X	X	X	X	X	X	X	X	X	X	X	X	X	X	X	X	X	X	X	X	X	X	X	X	X	X	X	X	X	X	X	X	X	X	X	X	X	X
Vision	4.055054000	-1.24405	1.61061	0.995958	X	X
Tick	4.066877415	-1.24409	1.61048	X	-0.015574	0.121758	X	X	X	X	X	X	X	X	X	X	X	X	X	X	X	X	X	X	X	X	X	X	X	X	X	X	X	X	X	X	X	X	X	X	X	X	X	X	X	X	X	X	X	X	X	X	X	X
Vision	4.071405994	-1.24349	1.60534	0.992826	X	X
Vision	4.087601879	-1.24219	1.61001	0.993968	X	X
Tick	4.100246962	-1.24247	1.60911	X	0.049339	0.053389	X	X	X	X	X	X	X	X	X	X	X	X	X	X	X	X	X	X	X	X	X	X	X	X	X	X	X	X	X	X	X	X	X	X	X	X	X	X	X	X	X	X	X	X	X	X	X	X
Vision	4.120039431	-1.24278	1.60723	0.995958	X	X
Tick	4.133548860	-1.24253	1.60732	X	0.016921	-0.044249	X	X	X	X	X	X	X	X	X	X	X	X	X	X	X	X	X	X	X	X	X	X	X	X	X	X	X	X	X	X	X	X	X	X	X	X	X	X	X	X	X	X	X	X	X	X	X	X
Vision	4.136328940	-1.24502	1.60815	0.992826	X	X
Vision	4.152628094	-1.24505	1.60473	0.988813	X	X
Tick	4.167002276	-1.24541	1.60513	X	-0.072434	-0.107306	X	X	X	X	X	X	X	X	X	X	X	X	X	X	X	X	X	X	X	X	X	X	X	X	X	X	X	X	X	X	X	X	X	X	X	X	X	X	X	X	X	X	X	X	X	X	X	X
Vision	4.185368792	-1.24482	1.6102	0.988813	X	X
Tick	4.200247493	-1.24518	1.61025	X	-0.021716	0.137302	X	X	X	X	X	X	X	X	X	X	X	X	X	X	X	X	X	X	X	X	X	X	X	X	X	X	X	X	X	X	X	X	X	X	X	X	X	X	X	X	X	X	X	X	X	X	X	X
Tick	4.233603262	-1.24554	1.61254	X	-0.021708	0.137256	X	X	X	X	X	X	X	X	X	X	X	X	X	X	X	X	X	X	X	X	X	X	X	X	X	X	X	X	X	X	X	X	X	X	X	X	X	X	X	X	X	X	X	X	X	X	X	X
Tick	4.266866610	-1.24591	1.61482	X	-0.021701	0.13721	X	X	X	X	X	X	X	X	X	X	X	X	X	X	X	X	X	X	X	X	X	X	X	X	X	X	X	X	X	X	X	X	X	X	X	X	X	X	X	X	X	X	X	X	X	X	X	X
Vision	4.282563720	-1.23823	1.608	0.996805	X	X
Tick	4.300227292	-1.23705	1.60784	X	0.137085	-0.022525	X	X	X	X	X	X	X	X	X	X	X	X	X	X	X	X	X	X	X	X	X	X	X	X	X	X	X	X	X	X	X	X	X	X	X	X	X	X	X	X	X	X	X	X	X	X	X	X
Tick	4.333504388	-1.23477	1.60746	X	0.137039	-0.022517	X	X	X	X	X	X	X	X	X	X	X	X	X	X	X	X	X	X	X	X	X	X	X	X	X	X	X	X	X	X	X	X	X	X	X	X	X	X	X	X	X	X	X	X	X	X	X	X
Tick	4.366876479	-1.23248	1.60709	X	0.136993	-0.02251	X	X	X	X	X	X	X	X	X	X	X	X	X	X	X	X	X	X	X	X	X	X	X	X	X	X	X	X	X	X	X	X	X	X	X	X	X	X	X	X	X	X	X	X	X	X	X	X
Tick	4.400273721	-1.23019	1.60671	X	0.136947	-0.022502	X	X	X	X	X	X	X	X	X	X	X	X	X	X	X	X	X	X	X	X	X	X	X	X	X	X	X	X	X	X	X	X	X	X	X	X	X	X	X	X	X	X	X	X	X	X	X	X
Tick	4.433509571	-1.22791	1.60634	X	0.136901	-0.022494	X	X	X	X	X	X	X	X	X	X	X	X	X	X	X	X	X	X	X	X	X	X	X	X	X	X	X	X	X	X	X	X	X	X	X	X	X	X	X	X	X	X	X	X	X	X	X	X
Tick	4.466834259	-1.22563	1.60596	X	0.136855	-0.022487	X	X	X	X	X	X	X	X	X	X	X	X	X	X	X	X	X	X	X	X	X	X	X	X	X	X	X	X	X	X	X	X	X	X	X	X	X	X	X	X	X	X	X	X	X	X	X	X
Tick	4.500173609	-1.22334	1.60559	X	0.136809	-0.022479	X	X	X	X	X	X	X	X	X	X	X	X	X	X	X	X	X	X	X	X	X	X	X	X	X	X	X	X	X	X	X	X	X	X	X	X	X	X	X	X	X	X	X	X	X	X	X	X
Tick	4.533508566	-1.22106	1.60521	X	0.136763	-0.022472	X	X	X	X	X	X	X	X	X	X	X	X	X	X	X	X	X	X	X	X	X	X	X	X	X	X	X	X	X	X	X	X	X	X	X	X	X	X	X	X	X	X	X	X	X	X	X	X
Tick	4.566833005	-1.21877	1.60484	X	0.136717	-0.022464	X	X	X	X	X	X	X	X	X	X	X	X	X	X	X	X	X	X	X	X	X	X	X	X	X	X	X	X	X	X	X	X	X	X	X	X	X	X	X	X	X	X	X	X	X	X	X	X
Tick	4.600172905	-1.21649	1.60446	X	0.136671	-0.022457	X	X	X	X	X	X	X	X	X	X	X	X	X	X	X	X	X	X	X	X	X	X	X	X	X	X	X	X	X	X	X	X	X	X	X	X	X	X	X	X	X	X	X	X	X	X	X	X
Tick	4.633504662	-1.2142	1.60408	X	0.136625	-0.022449	X	X	X	X	X	X	X	X	X	X	X	X	X	X	X	X	X	X	X	X	X	X	X	X	X	X	X	X	X	X	X	X	X	X	X	X	X	X	X	X	X	X	X	X	X	X	X	X
Tick	4.666833457	-1.21192	1.60371	X	0.136579	-0.022441	X	X	X	X	X	X	X	X	X	X	X	X	X	X	X	X	X	X	X	X	X	X	X	X	X	X	X	X	X	X	X	X	X	X	X	X	X	X	X	X	X	X	X	X	X	X	X	X
Tick	4.700172379	-1.20963	1.60333	X	0.136533	-0.022434	X	X	X	X	X	X	X	X	X	X	X	X	X	X	X	X	X	X	X	X	X	X	X	X	X	X	X	X	X	X	X	X	X	X	X	X	X	X	X	X	X	X	X	X	X	X	X	X
Vision	4.705108318	-1.23027	1.60754	0.987282	X	X
Vision	4.721408037	-1.2298	1.60648	0.988813	X	X
Tick	4.733620862	-1.22964	1.60685	X	0.039146	-0.014152	X	X	X	X	X	X	X	X	X	X	X	X	X	X	X	X	X	X	X	X	X	X	X	X	X	X	X	X	X	X	X	X	X	X	X	X	X	X	X	X	X	X	X	X	X	X	X	X
Tick	4.766838951	-1.22899	1.60662	X	0.039133	-0.014147	X	X	X	X	X	X	X	X	X	X	X	X	X	X	X	X	X	X	X	X	X	X	X	X	X	X	X	X	X	X	X	X	X	X	X	X	X	X	X	X	X	X	X	X	X	X	X	X
Vision	4.786716066	-1.23934	1.60362	0.993968	X	X
Tick	4.800222573	-1.24098	1.60301	X	-0.27647	-0.098272	X	X	X	X	X	X	X	X	X	X	X	X	X	X	X	X	X	X	X	X	X	X	X	X	X	X	X	X	X	X	X	X	X	X	X	X	X	X	X	X	X	X	X	X	X	X	X	X
Vision	4.818910676	-1.24081	1.6037	0.992826	X	X
Tick	4.833553021	-1.24258	1.60313	X	-0.177308	-0.040479	X	X	X	X	X	X	X	X	X	X	X	X	X	X	X	X	X	X	X	X	X	X	X	X	X	X	X	X	X	X	X	X	X	X	X	X	X	X	X	X	X	X	X	X	X	X	X	X
Vision	4.851723617	-1.24414	1.60774	0.990248	X	X
Tick	4.866911383	-1.24548	1.60817	X	-0.17527	0.154125	X	X	X	X	X	X	X	X	X	X	X	X	X	X	X	X	X	X	X	X	X	X	X	X	X	X	X	X	X	X	X	X	X	X	X	X	X	X	X	X	X	X	X	X	X	X	X	X
Vision	4.884040593	-1.24526	1.60424	0.987282	X	X
Tick	4.900231069	-1.2464	1.60463	X	-0.1087	-0.049172	X	X	X	X	X	X	X	X	X	X	X	X	X	X	X	X	X	X	X	X	X	X	X	X	X	X	X	X	X	X	X	X	X	X	X	X	X	X	X	X	X	X	X	X	X	X	X	X
Tick	4.933550270	-1.24821	1.60381	X	-0.108663	-0.049155	X	X	X	X	X	X	X	X	X	X	X	X	X	X	X	X	X	X	X	X	X	X	X	X	X	X	X	X	X	X	X	X	X	X	X	X	X	X	X	X	X	X	X	X	X	X	X	X
Vision	4.948971193	-1.24257	1.61077	0.998202	X	X
Vision	4.965510054	-1.24216	1.54833	1	X	X
Tick	4.966902370	-1.24199	1.61208	X	0.078639	0.162689	X	X	X	X	X	X	X	X	X	X	X	X	X	X	X	X	X	X	X	X	X	X	X	X	X	X	X	X	X	X	X	X	X	X	X	X	X	X	X	X	X	X	X	X	X	X	X	X
Vision	4.981428387	-1.25412	1.4493	0.9992	X	X
Vision	4.997649062	-1.26022	1.34176	0.997553	X	X
Tick	5.000197703	-1.24068	1.61479	X	0.078612	0.162635	X	X	X	X	X	X	X	X	X	X	X	X	X	X	X	X	X	X	X	X	X	X	X	X	X	X	X	X	X	X	X	X	X	X	X	X	X	X	X	X	X	X	X	X	X	X	X	X
Vision	5.013952310	-1.28192	1.23783	0.993968	X	X
Vision	5.030479586	-1.28514	1.13915	0.987282	X	X
Tick	5.033639890	-1.23937	1.61751	X	0.078586	0.16258	X	X	X	X	X	X	X	X	X	X	X	X	X	X	X	X	X	X	X	X	X	X	X	X	X	X	X	X	X	X	X	X	X	X	X	X	X	X	X	X	X	X	X	X	X	X	X	X
Vision	5.046388358	-1.29604	1.03809	0.99955	X	X
Vision	5.062694861	-1.30654	0.955794	0.993968	X	X
Tick	5.066859107	-1.23806	1.62021	X	0.078559	0.162525	X	X	X	X	X	X	X	X	X	X	X	X	X	X	X	X	X	X	X	X	X	X	X	X	X	X	X	X	X	X	X	X	X	X	X	X	X	X	X	X	X	X	X	X	X	X	X	X
Vision	5.079149620	-1.31401	0.854573	0.991586	X	X
Tick	5.100187945	-1.23675	1.62292	X	0.078533	0.16247	X	X	X	X	X	X	X	X	X	X	X	X	X	X	X	X	X	X	X	X	X	X	X	X	X	X	X	X	X	X	X	X	X	X	X	X	X	X	X	X	X	X	X	X	X	X	X	X
Tick	5.133505813	-1.23544	1.62563	X	0.078506	0.162416	X	X	X	X	X	X	X	X	X	X	X	X	X	X	X	X	X	X	X	X	X	X	X	X	X	X	X	X	X	X	X	X	X	X	X	X	X	X	X	X	X	X	X	X	X	X	X	X
Vision	5.144229097	-1.34287	0.503299	0.992826	X	X
Vision	5.160249934	-1.35994	0.425833	0.995012	X	X
Tick	5.166856538	-1.23413	1.62835	X	0.07848	0.162361	X	X	X	X	X	X	X	X	X	X	X	X	X	X	X	X	X	X	X	X	X	X	X	X	X	X	X	X	X	X	X	X	X	X	X	X	X	X	X	X	X	X	X	X	X	X	X	X
Vision	5.176623242	-1.36276	0.343867	0.992826	X	X
Vision	5.193107551	-1.38081	0.26717	0.987282	X	X
Tick	5.200219516	-1.23282	1.63106	X	0.078453	0.162306	X	X	X	X	X	X	X	X	X	X	X	X	X	X	X	X	X	X	X	X	X	X	X	X	X	X	X	X	X	X	X	X	X	X	X	X	X	X	X	X	X	X	X	X	X	X	X	X
Vision	5.209108720	-1.38093	0.185171	0.992826	X	X
Tick	5.233629049	-1.2315	1.63378	X	0.078427	0.162252	X	X	X	X	X	X	X	X	X	X	X	X	X	X	X	X	X	X	X	X	X	X	X	X	X	X	X	X	X	X	X	X	X	X	X	X	X	X	X	X	X	X	X	X	X	X	X	X
Vision	5.241777366	-1.39574	0.0448562	0.991586	X	X
Vision	5.258099667	-1.40149	-0.0375077	0.996805	X	X
Tick	5.266905672	-1.23019	1.63649	X	0.078401	0.162197	X	X	X	X	X	X	X	X	X	X	X	X	X	X	X	X	X	X	X	X	X	X	X	X	X	X	X	X	X	X	X	X	X	X	X	X	X	X	X	X	X	X	X	X	X	X	X	X
Vision	5.274061550	-1.40522	-0.106286	0.988813	X	X
Vision	5.290440500	-1.42099	-0.173432	0.995012	X	X
Tick	5.300191893	-1.22889	1.6392	X	0.078374	0.162143	X	X	X	X	X	X	X	X	X	X	X	X	X	X	X	X	X	X	X	X	X	X	X	X	X	X	X	X	X	X	X	X	X	X	X	X	X	X	X	X	X	X	X	X	X	X	X	X
Vision	5.306557929	-1.42423	-0.245971	0.992826	X	X
Vision	5.322817436	-1.43133	-0.318353	0.993968	X	X
Tick	5.333640241	-1.22757	1.64192	X	0.078348	0.162088	X	X	X	X	X	X	X	X	X	X	X	X	X	X	X	X	X	X	X	X	X	X	X	X	X	X	X	X	X	X	X	X	X	X	X	X	X	X	X	X	X	X	X	X	X	X	X	X
Vision	5.339084152	-1.44097	-0.396721	0.995012	X	X
Vision	5.355270964	-1.4378	-0.464329	0.991586	X	X
Tick	5.366881975	-1.22626	1.64462	X	0.078321	0.162033	X	X	X	X	X	X	X	X	X	X	X	X	X	X	X	X	X	X	X	X	X	X	X	X	X	X	X	X	X	X	X	X	X	X	X	X	X	X	X	X	X	X	X	X	X	X	X	X
Vision	5.371465162	-1.45391	-0.535999	0.991586	X	X
Vision	5.387876612	-1.45911	-0.606216	0.993968	X	X
Tick	5.400306951	-1.22495	1.64734	X	0.078295	0.161979	X	X	X	X	X	X	X	X	X	X	X	X	X	X	X	X	X	X	X	X	X	X	X	X	X	X	X	X	X	X	X	X	X	X	X	X	X	X	X	X	X	X	X	X	X	X	X	X
Vision	5.420386060	-1.47323	-0.758956	0.995012	X	X
Tick	5.433530084	-1.22364	1.65004	X	0.078269	0.161924	X	X	X	X	X	X	X	X	X	X	X	X	X	X	X	X	X	X	X	X	X	X	X	X	X	X	X	X	X	X	X	X	X	X	X	X	X	X	X	X	X	X	X	X	X	X	X	X
Vision	5.436831200	-1.47659	-0.834953	0.990248	X	X
Vision	5.453069057	-1.48732	-0.903278	0.9992	X	X
Tick	5.466865334	-1.22233	1.65276	X	0.078242	0.16187	X	X	X	X	X	X	X	X	X	X	X	X	X	X	X	X	X	X	X	X	X	X	X	X	X	X	X	X	X	X	X	X	X	X	X	X	X	X	X	X	X	X	X	X	X	X	X	X
Vision	5.469093127	-1.49337	-0.973491	0.9992	X	X
Vision	5.485585652	-1.50171	-1.04777	0.9998	X	X
Tick	5.500200672	-1.22102	1.65547	X	0.078216	0.161815	X	X	X	X	X	X	X	X	X	X	X	X	X	X	X	X	X	X	X	X	X	X	X	X	X	X	X	X	X	X	X	X	X	X	X	X	X	X	X	X	X	X	X	X	X	X	X	X
Vision	5.501680448	-1.50864	-1.12259	0.995012	X	X
Vision	5.517923177	-1.51268	-1.19667	0.995012	X	X
Tick	5.533529900	-1.21971	1.65818	X	0.07819	0.161761	X	X	X	X	X	X	X	X	X	X	X	X	X	X	X	X	X	X	X	X	X	X	X	X	X	X	X	X	X	X	X	X	X	X	X	X	X	X	X	X	X	X	X	X	X	X	X	X
Vision	5.534371068	-1.531	-1.26513	0.996805	X	X
Vision	5.550551556	-1.53256	-1.33923	0.993968	X	X
Tick	5.566868520	-1.2184	1.66089	X	0.078163	0.161706	X	X	X	X	X	X	X	X	X	X	X	X	X	X	X	X	X	X	X	X	X	X	X	X	X	X	X	X	X	X	X	X	X	X	X	X	X	X	X	X	X	X	X	X	X	X	X	X
Vision	5.566897103	-1.54229	-1.41452	0.998751	X	X
Vision	5.583151898	-1.54927	-1.39764	0.988813	X	X
Vision	5.599329911	-1.54988	-1.34038	0.996805	X	X
Tick	5.600225349	-1.21709	1.66361	X	0.078137	0.161652	X	X	X	X	X	X	X	X	X	X	X	X	X	X	X	X	X	X	X	X	X	X	X	X	X	X	X	X	X	X	X	X	X	X	X	X	X	X	X	X	X	X	X	X	X	X	X	X
Vision	5.615355553	-1.55199	-1.28282	0.993968	X	X
Vision	5.631745704	-1.55458	-1.22679	0.990248	X	X
Tick	5.633552705	-1.56044	-1.36183	X	-0.92859	-8.68325	X	X	X	X	X	X	X	X	X	X	X	X	X	X	X	X	X	X	X	X	X	X	X	X	X	X	X	X	X	X	X	X	X	X	X	X	X	X	X	X	X	X	X	X	X	X	X	X
Tick	5.666811032	-1.57588	-1.50625	X	-0.928278	-8.68033	X	X	X	X	X	X	X	X	X	X	X	X	X	X	X	X	X	X	X	X	X	X	X	X	X	X	X	X	X	X	X	X	X	X	X	X	X	X	X	X	X	X	X	X	X	X	X	X
Vision	5.671678074	-1.57107	-1.10663	0.995012	X	X
Vision	5.680408326	-1.57219	-1.04444	0.990248	X	X
Vision	5.696800243	-1.59013	-0.979989	0.987282	X	X
Tick	5.700228070	-1.5914	-1.65136	X	-0.927965	-8.67741	X	X	X	X	X	X	X	X	X	X	X	X	X	X	X	X	X	X	X	X	X	X	X	X	X	X	X	X	X	X	X	X	X	X	X	X	X	X	X	X	X	X	X	X	X	X	X	X
Vision	5.713051616	-1.59028	-0.917888	0.992826	X	X
Vision	5.729056026	-1.59839	-0.865249	0.987282	X	X
Tick	5.733531106	-1.60686	-1.79598	X	-0.927653	-8.67449	X	X	X	X	X	X	X	X	X	X	X	X	X	X	X	X	X	X	X	X	X	X	X	X	X	X	X	X	X	X	X	X	X	X	X	X	X	X	X	X	X	X	X	X	X	X	X	X
Vision	5.761564206	-1.61299	-0.752067	0.992826	X	X
Tick	5.766853503	-1.62234	-1.94068	X	-0.927341	-8.67157	X	X	X	X	X	X	X	X	X	X	X	X	X	X	X	X	X	X	X	X	X	X	X	X	X	X	X	X	X	X	X	X	X	X	X	X	X	X	X	X	X	X	X	X	X	X	X	X
Vision	5.778045809	-1.63124	-0.712655	0.990248	X	X
Vision	5.793951123	-1.63105	-0.671959	0.993968	X	X
Tick	5.800196207	-1.63782	-2.08547	X	-0.927028	-8.66865	X	X	X	X	X	X	X	X	X	X	X	X	X	X	X	X	X	X	X	X	X	X	X	X	X	X	X	X	X	X	X	X	X	X	X	X	X	X	X	X	X	X	X	X	X	X	X	X
Vision	5.810614809	-1.63476	-0.631894	0.987282	X	X
Vision	5.826539226	-1.64657	-0.583662	0.996805	X	X
Tick	5.833535133	-1.65331	-2.23024	X	-0.926716	-8.66573	X	X	X	X	X	X	X	X	X	X	X	X	X	X	X	X	X	X	X	X	X	X	X	X	X	X	X	X	X	X	X	X	X	X	X	X	X	X	X	X	X	X	X	X	X	X	X	X
Vision	5.843126085	-1.65045	-0.54067	0.987282	X	X
Vision	5.859050048	-1.67004	-0.496108	0.990248	X	X
Tick	5.866861563	-1.66878	-2.37496	X	-0.926404	-8.66281	X	X	X	X	X	X	X	X	X	X	X	X	X	X	X	X	X	X	X	X	X	X	X	X	X	X	X	X	X	X	X	X	X	X	X	X	X	X	X	X	X	X	X	X	X	X	X	X
Vision	5.875383835	-1.6676	-0.457826	0.993968	X	X
Vision	5.891696311	-1.67144	-0.408963	0.988813	X	X
Tick	5.900195164	-1.68426	-2.51971	X	-0.926092	-8.6599	X	X	X	X	X	X	X	X	X	X	X	X	X	X	X	X	X	X	X	X	X	X	X	X	X	X	X	X	X	X	X	X	X	X	X	X	X	X	X	X	X	X	X	X	X	X	X	X
Vision	5.907859230	-1.68687	-0.385363	0.993968	X	X
Vision	5.924109808	-1.68989	-0.339953	0.991586	X	X
Tick	5.933529655	-1.69974	-2.66446	X	-0.925781	-8.65698	X	X	X	X	X	X	X	X	X	X	X	X	X	X	X	X	X	X	X	X	X	X	X	X	X	X	X	X	X	X	X	X	X	X	X	X	X	X	X	X	X	X	X	X	X	X	X	X
Vision	5.940277958	-1.69882	-0.304812	0.988813	X	X
Vision	5.956574783	-1.70675	-0.267634	0.993968	X	X
Tick	5.966856851	-1.71522	-2.80918	X	-0.925469	-8.65407	X	X	X	X	X	X	X	X	X	X	X	X	X	X	X	X	X	X	X	X	X	X	X	X	X	X	X	X	X	X	X	X	X	X	X	X	X	X	X	X	X	X	X	X	X	X	X	X
Vision	5.972961226	-1.70924	-0.230214	0.990248	X	X
Vision	5.989305057	-1.72231	-0.194497	0.992826	X	X
Tick	6.000196163	-1.7307	-2.95395	X	-0.925158	-8.65115	X	X	X	X	X	X	X	X	X	X	X	X	X	X	X	X	X	X	X	X	X	X	X	X	X	X	X	X	X	X	X	X	X	X	X	X	X	X	X	X	X	X	X	X	X	X	X	X
Vision	6.021687733	-1.7398	-0.119966	0.996805	X	X
Tick	6.033523036	-1.74618	-3.09867	X	-0.924846	-8.64824	X	X	X	X	X	X	X	X	X	X	X	X	X	X	X	X	X	X	X	X	X	X	X	X	X	X	X	X	X	X	X	X	X	X	X	X	X	X	X	X	X	X	X	X	X	X	X	X
Vision	6.037890479	-1.74413	-0.0852626	0.990248	X	X
Vision	6.054258549	-1.75305	-0.0449576	0.992826	X	X
Tick	6.066864222	-1.76166	-3.24345	X	-0.924535	-8.64533	X	X	X	X	X	X	X	X	X	X	X	X	X	X	X	X	X	X	X	X	X	X	X	X	X	X	X	X	X	X	X	X	X	X	X	X	X	X	X	X	X	X	X	X	X	X	X	X
Vision	6.070851230	-1.7636	-0.0130459	0.991586	X	X
Tick	6.100214780	-1.77715	-3.38828	X	-0.924223	-8.64242	X	X	X	X	X	X	X	X	X	X	X	X	X	X	X	X	X	X	X	X	X	X	X	X	X	X	X	X	X	X	X	X	X	X	X	X	X	X	X	X	X	X	X	X	X	X	X	X
Vision	6.103290709	-1.77756	0.0659982	0.992826	X	X
Vision	6.119177242	-1.77805	0.105247	0.987282	X	X
Tick	6.133539460	-1.79262	-3.53299	X	-0.923912	-8.63951	X	X	X	X	X	X	X	X	X	X	X	X	X	X	X	X	X	X	X	X	X	X	X	X	X	X	X	X	X	X	X	X	X	X	X	X	X	X	X	X	X	X	X	X	X	X	X	X
Vision	6.135402848	-1.79567	0.143427	0.991586	X	X
Vision	6.151978555	-1.79533	0.177629	0.987282	X	X
Tick	6.166867745	-1.8081	-3.67771	X	-0.923601	-8.6366	X	X	X	X	X	X	X	X	X	X	X	X	X	X	X	X	X	X	X	X	X	X	X	X	X	X	X	X	X	X	X	X	X	X	X	X	X	X	X	X	X	X	X	X	X	X	X	X
Vision	6.184275775	-1.81438	0.238229	0.988813	X	X
Tick	6.200189819	-1.82357	-3.82241	X	-0.92329	-8.63369	X	X	X	X	X	X	X	X	X	X	X	X	X	X	X	X	X	X	X	X	X	X	X	X	X	X	X	X	X	X	X	X	X	X	X	X	X	X	X	X	X	X	X	X	X	X	X	X
Vision	6.200680034	-1.81577	0.278381	0.992826	X	X
Vision	6.216737572	-1.83159	0.3191	0.991586	X	X
Vision	6.232957275	-1.83357	0.351686	0.988813	X	X
Tick	6.233567541	-1.83907	-3.96735	X	-0.922979	-8.63078	X	X	X	X	X	X	X	X	X	X	X	X	X	X	X	X	X	X	X	X	X	X	X	X	X	X	X	X	X	X	X	X	X	X	X	X	X	X	X	X	X	X	X	X	X	X	X	X
Tick	6.266831080	-1.85452	-4.11179	X	-0.922669	-8.62788	X	X	X	X	X	X	X	X	X	X	X	X	X	X	X	X	X	X	X	X	X	X	X	X	X	X	X	X	X	X	X	X	X	X	X	X	X	X	X	X	X	X	X	X	X	X	X	X
Vision	6.282025758	-1.85454	0.461784	0.990248	X	X
Vision	6.298303261	-1.86755	0.494033	0.990248	X	X
Tick	6.300222298	-1.87003	-4.25679	X	-0.922358	-8.62497	X	X	X	X	X	X	X	X	X	X	X	X	X	X	X	X	X	X	X	X	X	X	X	X	X	X	X	X	X	X	X	X	X	X	X	X	X	X	X	X	X	X	X	X	X	X	X	X
Tick	6.333530269	-1.88549	-4.40143	X	-0.922048	-8.62207	X	X	X	X	X	X	X	X	X	X	X	X	X	X	X	X	X	X	X	X	X	X	X	X	X	X	X	X	X	X	X	X	X	X	X	X	X	X	X	X	X	X	X	X	X	X	X	X
Vision	6.363060505	-1.89836	0.634729	0.990248	X	X
Tick	6.366903546	-1.90099	-4.54635	X	-0.921737	-8.61917	X	X	X	X	X	X	X	X	X	X	X	X	X	X	X	X	X	X	X	X	X	X	X	X	X	X	X	X	X	X	X	X	X	X	X	X	X	X	X	X	X	X	X	X	X	X	X	X
Tick	6.400175370	-1.91644	-4.69083	X	-0.921427	-8.61627	X	X	X	X	X	X	X	X	X	X	X	X	X	X	X	X	X	X	X	X	X	X	X	X	X	X	X	X	X	X	X	X	X	X	X	X	X	X	X	X	X	X	X	X	X	X	X	X
Tick	6.433529658	-1.93193	-4.83567	X	-0.921117	-8.61337	X	X	X	X	X	X	X	X	X	X	X	X	X	X	X	X	X	X	X	X	X	X	X	X	X	X	X	X	X	X	X	X	X	X	X	X	X	X	X	X	X	X	X	X	X	X	X	X
Tick	6.466835010	-1.9474	-4.9803	X	-0.920807	-8.61047	X	X	X	X	X	X	X	X	X	X	X	X	X	X	X	X	X	X	X	X	X	X	X	X	X	X	X	X	X	X	X	X	X	X	X	X	X	X	X	X	X	X	X	X	X	X	X	X
Tick	6.500172265	-1.96288	-5.12506	X	-0.920497	-8.60757	X	X	X	X	X	X	X	X	X	X	X	X	X	X	X	X	X	X	X	X	X	X	X	X	X	X	X	X	X	X	X	X	X	X	X	X	X	X	X	X	X	X	X	X	X	X	X	X
Vision	6.525848769	-1.97611	0.983315	0.988813	X	X
Tick	6.533525283	-1.97837	-5.26989	X	-0.920187	-8.60467	X	X	X	X	X	X	X	X	X	X	X	X	X	X	X	X	X	X	X	X	X	X	X	X	X	X	X	X	X	X	X	X	X	X	X	X	X	X	X	X	X	X	X	X	X	X	X	X
Tick	6.566833039	-1.99383	-5.41453	X	-0.919877	-8.60178	X	X	X	X	X	X	X	X	X	X	X	X	X	X	X	X	X	X	X	X	X	X	X	X	X	X	X	X	X	X	X	X	X	X	X	X	X	X	X	X	X	X	X	X	X	X	X	X
Vision	6.574240837	-1.99479	1.08875	0.987282	X	X
Tick	6.600300698	-2.00938	-5.55986	X	-0.919566	-8.59887	X	X	X	X	X	X	X	X	X	X	X	X	X	X	X	X	X	X	X	X	X	X	X	X	X	X	X	X	X	X	X	X	X	X	X	X	X	X	X	X	X	X	X	X	X	X	X	X
Tick	6.633501706	-2.02479	-5.70403	X	-0.919258	-8.59599	X	X	X	X	X	X	X	X	X	X	X	X	X	X	X	X	X	X	X	X	X	X	X	X	X	X	X	X	X	X	X	X	X	X	X	X	X	X	X	X	X	X	X	X	X	X	X	X
Tick	6.666850126	-2.04028	-5.84885	X	-0.918949	-8.59309	X	X	X	X	X	X	X	X	X	X	X	X	X	X	X	X	X	X	X	X	X	X	X	X	X	X	X	X	X	X	X	X	X	X	X	X	X	X	X	X	X	X	X	X	X	X	X	X
Tick	6.700197338	-2.05577	-5.99366	X	-0.918639	-8.5902	X	X	X	X	X	X	X	X	X	X	X	X	X	X	X	X	X	X	X	X	X	X	X	X	X	X	X	X	X	X	X	X	X	X	X	X	X	X	X	X	X	X	X	X	X	X	X	X
Tick	6.733505945	-2.07123	-6.1383	X	-0.91833	-8.58731	X	X	X	X	X	X	X	X	X	X	X	X	X	X	X	X	X	X	X	X	X	X	X	X	X	X	X	X	X	X	X	X	X	X	X	X	X	X	X	X	X	X	X	X	X	X	X	X
Tick	6.766841170	-2.08671	-6.28305	X	-0.918021	-8.58442	X	X	X	X	X	X	X	X	X	X	X	X	X	X	X	X	X	X	X	X	X	X	X	X	X	X	X	X	X	X	X	X	X	X	X	X	X	X	X	X	X	X	X	X	X	X	X	X
Vision	6.769557464	-2.07585	1.49633	0.995958	X	X
Vision	6.785760404	-2.08105	1.53146	0.991586	X	X
Tick	6.800236244	-2.08961	1.57174	X	-0.896709	4.91483	X	X	X	X	X	X	X	X	X	X	X	X	X	X	X	X	X	X	X	X	X	X	X	X	X	X	X	X	X	X	X	X	X	X	X	X	X	X	X	X	X	X	X	X	X	X	X	X
Vision	6.801905233	-2.08138	1.57091	0.995012	X	X
Vision	6.818436374	-2.09981	1.60102	0.995012	X	X
Tick	6.833559357	-2.10701	1.63501	X	-0.968835	4.36336	X	X	X	X	X	X	X	X	X	X	X	X	X	X	X	X	X	X	X	X	X	X	X	X	X	X	X	X	X	X	X	X	X	X	X	X	X	X	X	X	X	X	X	X	X	X	X	X
Vision	6.834389720	-2.09983	1.62547	0.995958	X	X
Vision	6.850612423	-2.10996	1.66257	0.99995	X	X
Tick	6.866892309	-2.12316	1.70774	X	-0.968509	4.36189	X	X	X	X	X	X	X	X	X	X	X	X	X	X	X	X	X	X	X	X	X	X	X	X	X	X	X	X	X	X	X	X	X	X	X	X	X	X	X	X	X	X	X	X	X	X	X	X
Vision	6.867169709	-2.11672	1.69429	0.995958	X	X
Vision	6.883226624	-2.11938	1.72957	0.996805	X	X
Vision	6.899380885	-2.12884	1.7678	0.990248	X	X
Tick	6.900278295	-2.12614	1.76213	X	-0.642788	3.96146	X	X	X	X	X	X	X	X	X	X	X	X	X	X	X	X	X	X	X	X	X	X	X	X	X	X	X	X	X	X	X	X	X	X	X	X	X	X	X	X	X	X	X	X	X	X	X	X
Vision	6.915612064	-2.13654	1.79429	0.9992	X	X
Vision	6.931909896	-2.13977	1.82265	0.995012	X	X
Tick	6.933581510	-2.14141	1.82737	X	-0.773157	3.90181	X	X	X	X	X	X	X	X	X	X	X	X	X	X	X	X	X	X	X	X	X	X	X	X	X	X	X	X	X	X	X	X	X	X	X	X	X	X	X	X	X	X	X	X	X	X	X	X
Vision	6.948108121	-2.15184	1.85355	0.992826	X	X
Vision	6.964649473	-2.15573	1.88515	0.993968	X	X
Tick	6.966906376	-2.15742	1.88983	X	-0.862281	3.80365	X	X	X	X	X	X	X	X	X	X	X	X	X	X	X	X	X	X	X	X	X	X	X	X	X	X	X	X	X	X	X	X	X	X	X	X	X	X	X	X	X	X	X	X	X	X	X	X
Vision	6.980569568	-2.1559	1.92167	0.998751	X	X
Tick	7.000189842	-2.17177	1.95313	X	-0.861992	3.80237	X	X	X	X	X	X	X	X	X	X	X	X	X	X	X	X	X	X	X	X	X	X	X	X	X	X	X	X	X	X	X	X	X	X	X	X	X	X	X	X	X	X	X	X	X	X	X	X
Vision	7.013398584	-2.17506	1.98877	0.995012	X	X
Vision	7.029290102	-2.17505	2.01089	0.992826	X	X
Tick	7.033557099	-2.183	2.03031	X	-0.775446	4.17723	X	X	X	X	X	X	X	X	X	X	X	X	X	X	X	X	X	X	X	X	X	X	X	X	X	X	X	X	X	X	X	X	X	X	X	X	X	X	X	X	X	X	X	X	X	X	X	X
Vision	7.045645105	-2.18053	2.04524	0.998202	X	X
Vision	7.061896005	-2.19556	2.08054	0.992826	X	X
Tick	7.066882823	-2.19755	2.09067	X	-0.829852	3.86341	X	X	X	X	X	X	X	X	X	X	X	X	X	X	X	X	X	X	X	X	X	X	X	X	X	X	X	X	X	X	X	X	X	X	X	X	X	X	X	X	X	X	X	X	X	X	X	X
Vision	7.078168832	-2.20098	2.1097	0.99955	X	X
Vision	7.094471312	-2.20368	2.14164	0.9998	X	X
Tick	7.100271076	-2.20735	2.1526	X	-0.672056	3.7905	X	X	X	X	X	X	X	X	X	X	X	X	X	X	X	X	X	X	X	X	X	X	X	X	X	X	X	X	X	X	X	X	X	X	X	X	X	X	X	X	X	X	X	X	X	X	X	X
Vision	7.110478923	-2.21287	2.1736	0.997553	X	X
Vision	7.126959594	-2.21372	2.20509	0.997553	X	X
Tick	7.133823113	-2.21751	2.21813	X	-0.596331	3.85727	X	X	X	X	X	X	X	X	X	X	X	X	X	X	X	X	X	X	X	X	X	X	X	X	X	X	X	X	X	X	X	X	X	X	X	X	X	X	X	X	X	X	X	X	X	X	X	X
Vision	7.143042172	-2.2234	2.22975	0.9998	X	X
Vision	7.159784757	-2.23036	2.26878	0.995012	X	X
Tick	7.166886825	-2.2324	2.28246	X	-0.802741	3.87931	X	X	X	X	X	X	X	X	X	X	X	X	X	X	X	X	X	X	X	X	X	X	X	X	X	X	X	X	X	X	X	X	X	X	X	X	X	X	X	X	X	X	X	X	X	X	X	X
Vision	7.176035435	-2.2371	2.30173	0.990248	X	X
Vision	7.192220836	-2.24108	2.32085	0.996805	X	X
Tick	7.200221579	-2.24683	2.34867	X	-0.833548	3.92428	X	X	X	X	X	X	X	X	X	X	X	X	X	X	X	X	X	X	X	X	X	X	X	X	X	X	X	X	X	X	X	X	X	X	X	X	X	X	X	X	X	X	X	X	X	X	X	X
Vision	7.208209632	-2.25294	2.36139	0.996805	X	X
Vision	7.224600143	-2.25347	2.38793	0.995012	X	X
Tick	7.233579779	-2.26445	2.41017	X	-0.944206	3.80506	X	X	X	X	X	X	X	X	X	X	X	X	X	X	X	X	X	X	X	X	X	X	X	X	X	X	X	X	X	X	X	X	X	X	X	X	X	X	X	X	X	X	X	X	X	X	X	X
Vision	7.240717207	-2.25631	2.41112	0.992826	X	X
Vision	7.256867350	-2.26668	2.45292	0.988813	X	X
Tick	7.266896796	-2.27033	2.4718	X	-0.636443	3.74889	X	X	X	X	X	X	X	X	X	X	X	X	X	X	X	X	X	X	X	X	X	X	X	X	X	X	X	X	X	X	X	X	X	X	X	X	X	X	X	X	X	X	X	X	X	X	X	X
Vision	7.273134601	-2.27325	2.47986	0.992826	X	X
Vision	7.289316430	-2.27549	2.50967	0.9992	X	X
Tick	7.300246527	-2.2798	2.52989	X	-0.580457	3.62235	X	X	X	X	X	X	X	X	X	X	X	X	X	X	X	X	X	X	X	X	X	X	X	X	X	X	X	X	X	X	X	X	X	X	X	X	X	X	X	X	X	X	X	X	X	X	X	X
Vision	7.305787390	-2.28432	2.53826	0.99955	X	X
Vision	7.321992438	-2.29368	2.53693	0.99995	X	X
Tick	7.333553012	-2.29248	2.58849	X	-0.672068	3.56859	X	X	X	X	X	X	X	X	X	X	X	X	X	X	X	X	X	X	X	X	X	X	X	X	X	X	X	X	X	X	X	X	X	X	X	X	X	X	X	X	X	X	X	X	X	X	X	X
Vision	7.338093299	-2.29956	2.5343	0.99995	X	X
Vision	7.354338276	-2.31395	2.53598	0.9992	X	X
Tick	7.366885737	-2.30368	2.64799	X	-0.671842	3.56738	X	X	X	X	X	X	X	X	X	X	X	X	X	X	X	X	X	X	X	X	X	X	X	X	X	X	X	X	X	X	X	X	X	X	X	X	X	X	X	X	X	X	X	X	X	X	X	X
Vision	7.370717724	-2.32155	2.53849	0.9998	X	X
Vision	7.387311243	-2.3294	2.53014	0.99955	X	X
Tick	7.400214640	-2.31488	2.70747	X	-0.671615	3.56618	X	X	X	X	X	X	X	X	X	X	X	X	X	X	X	X	X	X	X	X	X	X	X	X	X	X	X	X	X	X	X	X	X	X	X	X	X	X	X	X	X	X	X	X	X	X	X	X
Vision	7.403112703	-2.34342	2.53094	0.997553	X	X
Vision	7.419477988	-2.35351	2.52299	0.995012	X	X
Tick	7.433536018	-2.32608	2.76694	X	-0.671389	3.56498	X	X	X	X	X	X	X	X	X	X	X	X	X	X	X	X	X	X	X	X	X	X	X	X	X	X	X	X	X	X	X	X	X	X	X	X	X	X	X	X	X	X	X	X	X	X	X	X
Vision	7.435522669	-2.35526	2.52496	0.995958	X	X
Vision	7.452140737	-2.37321	2.52765	0.995012	X	X
Tick	7.466865657	-2.33729	2.82643	X	-0.671163	3.56378	X	X	X	X	X	X	X	X	X	X	X	X	X	X	X	X	X	X	X	X	X	X	X	X	X	X	X	X	X	X	X	X	X	X	X	X	X	X	X	X	X	X	X	X	X	X	X	X
Vision	7.468170973	-2.37569	2.5237	0.995012	X	X
Vision	7.484722705	-2.37872	2.52957	0.993968	X	X
Tick	7.500196116	-2.34849	2.88592	X	-0.670938	3.56258	X	X	X	X	X	X	X	X	X	X	X	X	X	X	X	X	X	X	X	X	X	X	X	X	X	X	X	X	X	X	X	X	X	X	X	X	X	X	X	X	X	X	X	X	X	X	X	X
Vision	7.500930782	-2.39533	2.52646	0.996805	X	X
Vision	7.517209202	-2.41337	2.52614	0.988813	X	X
Vision	7.533108904	-2.41338	2.52755	0.992826	X	X
Tick	7.533556753	-2.3597	2.94546	X	-0.670711	3.56138	X	X	X	X	X	X	X	X	X	X	X	X	X	X	X	X	X	X	X	X	X	X	X	X	X	X	X	X	X	X	X	X	X	X	X	X	X	X	X	X	X	X	X	X	X	X	X	X
Vision	7.549630528	-2.41659	2.52856	0.995012	X	X
Vision	7.565672520	-2.43624	2.52582	0.995012	X	X
Tick	7.566862771	-2.3709	3.0049	X	-0.670486	3.56019	X	X	X	X	X	X	X	X	X	X	X	X	X	X	X	X	X	X	X	X	X	X	X	X	X	X	X	X	X	X	X	X	X	X	X	X	X	X	X	X	X	X	X	X	X	X	X	X
Vision	7.581931699	-2.43624	2.52582	0.995012	X	X
Vision	7.598163379	-2.44447	2.53605	0.998751	X	X
Tick	7.600253858	-2.44638	2.52491	X	-1.10656	-0.103305	X	X	X	X	X	X	X	X	X	X	X	X	X	X	X	X	X	X	X	X	X	X	X	X	X	X	X	X	X	X	X	X	X	X	X	X	X	X	X	X	X	X	X	X	X	X	X	X
Vision	7.614493980	-2.45551	2.53116	0.995012	X	X
Vision	7.630712406	-2.46189	2.53155	0.997553	X	X
Tick	7.633585381	-2.46438	2.53154	X	-1.06483	0.162143	X	X	X	X	X	X	X	X	X	X	X	X	X	X	X	X	X	X	X	X	X	X	X	X	X	X	X	X	X	X	X	X	X	X	X	X	X	X	X	X	X	X	X	X	X	X	X	X
Vision	7.647041544	-2.47574	2.53195	0.995012	X	X
Vision	7.663438876	-2.47991	2.53379	0.996805	X	X
Tick	7.666917363	-2.48335	2.53389	X	-1.06858	0.153717	X	X	X	X	X	X	X	X	X	X	X	X	X	X	X	X	X	X	X	X	X	X	X	X	X	X	X	X	X	X	X	X	X	X	X	X	X	X	X	X	X	X	X	X	X	X	X	X
Vision	7.695967080	-2.49591	2.52814	0.998202	X	X
Tick	7.700219008	-2.4984	2.52906	X	-0.948511	-0.168735	X	X	X	X	X	X	X	X	X	X	X	X	X	X	X	X	X	X	X	X	X	X	X	X	X	X	X	X	X	X	X	X	X	X	X	X	X	X	X	X	X	X	X	X	X	X	X	X
Vision	7.711976881	-2.50508	2.5368	0.997553	X	X
Vision	7.728261490	-2.51441	2.52535	0.995958	X	X
Tick	7.733556969	-2.51679	2.52497	X	-1.05259	-0.220769	X	X	X	X	X	X	X	X	X	X	X	X	X	X	X	X	X	X	X	X	X	X	X	X	X	X	X	X	X	X	X	X	X	X	X	X	X	X	X	X	X	X	X	X	X	X	X	X
Vision	7.744565255	-2.51647	2.53257	0.995958	X	X
Vision	7.761098237	-2.52644	2.53697	0.9992	X	X
Tick	7.766859812	-2.53432	2.52129	X	-1.05224	-0.220695	X	X	X	X	X	X	X	X	X	X	X	X	X	X	X	X	X	X	X	X	X	X	X	X	X	X	X	X	X	X	X	X	X	X	X	X	X	X	X	X	X	X	X	X	X	X	X	X
Vision	7.776980008	-2.53644	2.52986	0.998202	X	X
Vision	7.793344716	-2.53748	2.53105	0.995012	X	X
Tick	7.800221893	-2.54753	2.53073	X	-0.939642	0.118792	X	X	X	X	X	X	X	X	X	X	X	X	X	X	X	X	X	X	X	X	X	X	X	X	X	X	X	X	X	X	X	X	X	X	X	X	X	X	X	X	X	X	X	X	X	X	X	X
Vision	7.809560386	-2.55708	2.53471	0.993968	X	X
Vision	7.825722916	-2.55656	2.53432	0.995958	X	X
Tick	7.833556985	-2.56985	2.53714	X	-1.13146	0.246443	X	X	X	X	X	X	X	X	X	X	X	X	X	X	X	X	X	X	X	X	X	X	X	X	X	X	X	X	X	X	X	X	X	X	X	X	X	X	X	X	X	X	X	X	X	X	X	X
Vision	7.842131013	-2.56408	2.54263	0.995012	X	X
Vision	7.858773241	-2.57817	2.53692	0.995012	X	X
Tick	7.866904973	-2.58223	2.53762	X	-0.923092	0.130225	X	X	X	X	X	X	X	X	X	X	X	X	X	X	X	X	X	X	X	X	X	X	X	X	X	X	X	X	X	X	X	X	X	X	X	X	X	X	X	X	X	X	X	X	X	X	X	X
Vision	7.874632120	-2.57714	2.5363	0.995012	X	X
Vision	7.890880972	-2.58733	2.53793	0.990248	X	X
Tick	7.900259906	-2.59158	2.53852	X	-0.701703	0.083623	X	X	X	X	X	X	X	X	X	X	X	X	X	X	X	X	X	X	X	X	X	X	X	X	X	X	X	X	X	X	X	X	X	X	X	X	X	X	X	X	X	X	X	X	X	X	X	X
Vision	7.907068588	-2.59672	2.53898	0.993968	X	X
Vision	7.923294385	-2.59844	2.53499	0.995012	X	X
Tick	7.933562596	-2.60615	2.54009	X	-0.784956	0.088802	X	X	X	X	X	X	X	X	X	X	X	X	X	X	X	X	X	X	X	X	X	X	X	X	X	X	X	X	X	X	X	X	X	X	X	X	X	X	X	X	X	X	X	X	X	X	X	X
Vision	7.939572142	-2.60579	2.54764	0.991586	X	X
Vision	7.955815606	-2.61868	2.54003	0.993968	X	X
Tick	7.966887202	-2.61545	2.55168	X	-0.675244	0.381652	X	X	X	X	X	X	X	X	X	X	X	X	X	X	X	X	X	X	X	X	X	X	X	X	X	X	X	X	X	X	X	X	X	X	X	X	X	X	X	X	X	X	X	X	X	X	X	X
Vision	7.971975178	-2.61824	2.53573	0.996805	X	X
Vision	7.988239533	-2.63491	2.53308	0.995958	X	X
Tick	8.000195111	-2.6267	2.55803	X	-0.675017	0.381524	X	X	X	X	X	X	X	X	X	X	X	X	X	X	X	X	X	X	X	X	X	X	X	X	X	X	X	X	X	X	X	X	X	X	X	X	X	X	X	X	X	X	X	X	X	X	X	X
Vision	8.004498996	-2.63821	2.53924	0.995012	X	X
Tick	8.033550759	-2.65203	2.53694	X	-0.964924	-0.184809	X	X	X	X	X	X	X	X	X	X	X	X	X	X	X	X	X	X	X	X	X	X	X	X	X	X	X	X	X	X	X	X	X	X	X	X	X	X	X	X	X	X	X	X	X	X	X	X
Vision	8.037111891	-2.64819	2.53128	0.998202	X	X
Vision	8.053413677	-2.65853	2.53722	0.996805	X	X
Tick	8.067007651	-2.66052	2.5265	X	-0.762719	-0.37866	X	X	X	X	X	X	X	X	X	X	X	X	X	X	X	X	X	X	X	X	X	X	X	X	X	X	X	X	X	X	X	X	X	X	X	X	X	X	X	X	X	X	X	X	X	X	X	X
Vision	8.069595862	-2.66301	2.53805	0.990248	X	X
Vision	8.086019478	-2.67132	2.52862	0.992826	X	X
Tick	8.100269776	-2.67746	2.52706	X	-0.887149	-0.177652	X	X	X	X	X	X	X	X	X	X	X	X	X	X	X	X	X	X	X	X	X	X	X	X	X	X	X	X	X	X	X	X	X	X	X	X	X	X	X	X	X	X	X	X	X	X	X	X
Vision	8.102195224	-2.67687	2.53031	0.996805	X	X
Vision	8.118371236	-2.68111	2.52414	0.995012	X	X
Tick	8.133646125	-2.68819	2.52428	X	-0.758221	-0.210385	X	X	X	X	X	X	X	X	X	X	X	X	X	X	X	X	X	X	X	X	X	X	X	X	X	X	X	X	X	X	X	X	X	X	X	X	X	X	X	X	X	X	X	X	X	X	X	X
Vision	8.134857020	-2.69249	2.52537	0.996805	X	X
Vision	8.151162569	-2.68982	2.52328	0.9998	X	X
Tick	8.167005237	-2.70507	2.52211	X	-0.87929	-0.172045	X	X	X	X	X	X	X	X	X	X	X	X	X	X	X	X	X	X	X	X	X	X	X	X	X	X	X	X	X	X	X	X	X	X	X	X	X	X	X	X	X	X	X	X	X	X	X	X
Vision	8.167238585	-2.69881	2.51932	0.995012	X	X
Vision	8.183498348	-2.70392	2.51959	0.995012	X	X
Vision	8.199426851	-2.70736	2.52093	0.998202	X	X
Tick	8.200314509	-2.70825	2.51935	X	-0.542836	-0.104568	X	X	X	X	X	X	X	X	X	X	X	X	X	X	X	X	X	X	X	X	X	X	X	X	X	X	X	X	X	X	X	X	X	X	X	X	X	X	X	X	X	X	X	X	X	X	X	X
Vision	8.215966522	-2.7192	2.51843	0.996805	X	X
Vision	8.232092248	-2.71873	2.51841	0.996805	X	X
Tick	8.233672855	-2.71892	2.51823	X	-0.617798	-0.075289	X	X	X	X	X	X	X	X	X	X	X	X	X	X	X	X	X	X	X	X	X	X	X	X	X	X	X	X	X	X	X	X	X	X	X	X	X	X	X	X	X	X	X	X	X	X	X	X
Vision	8.248544817	-2.73037	2.51643	1	X	X
Vision	8.264848994	-2.73916	2.52204	0.992826	X	X
Tick	8.266976238	-2.7292	2.51698	X	-0.61759	-0.075264	X	X	X	X	X	X	X	X	X	X	X	X	X	X	X	X	X	X	X	X	X	X	X	X	X	X	X	X	X	X	X	X	X	X	X	X	X	X	X	X	X	X	X	X	X	X	X	X
Vision	8.280665382	-2.73958	2.51695	0.998202	X	X
Vision	8.297011055	-2.74011	2.51907	0.996805	X	X
Tick	8.300265466	-2.74742	2.51635	X	-0.832649	-0.058217	X	X	X	X	X	X	X	X	X	X	X	X	X	X	X	X	X	X	X	X	X	X	X	X	X	X	X	X	X	X	X	X	X	X	X	X	X	X	X	X	X	X	X	X	X	X	X	X
Vision	8.313469820	-2.75539	2.51809	0.997553	X	X
Vision	8.329380583	-2.75415	2.51892	0.998751	X	X
Tick	8.333591330	-2.76431	2.51798	X	-0.924644	0.021011	X	X	X	X	X	X	X	X	X	X	X	X	X	X	X	X	X	X	X	X	X	X	X	X	X	X	X	X	X	X	X	X	X	X	X	X	X	X	X	X	X	X	X	X	X	X	X	X
Vision	8.345798754	-2.76046	2.51604	0.996805	X	X
Vision	8.362315887	-2.77672	2.50847	0.993968	X	X
Tick	8.366976736	-2.76779	2.51573	X	-0.55569	-0.059176	X	X	X	X	X	X	X	X	X	X	X	X	X	X	X	X	X	X	X	X	X	X	X	X	X	X	X	X	X	X	X	X	X	X	X	X	X	X	X	X	X	X	X	X	X	X	X	X
Vision	8.378293378	-2.76704	2.51218	0.995012	X	X
Vision	8.394809995	-2.77661	2.50245	0.992826	X	X
Tick	8.400313127	-2.77207	2.51064	X	-0.40438	-0.183592	X	X	X	X	X	X	X	X	X	X	X	X	X	X	X	X	X	X	X	X	X	X	X	X	X	X	X	X	X	X	X	X	X	X	X	X	X	X	X	X	X	X	X	X	X	X	X	X
Vision	8.411077841	-2.78115	2.50804	0.99955	X	X
Tick	8.433665925	-2.78772	2.50549	X	-0.671436	-0.245981	X	X	X	X	X	X	X	X	X	X	X	X	X	X	X	X	X	X	X	X	X	X	X	X	X	X	X	X	X	X	X	X	X	X	X	X	X	X	X	X	X	X	X	X	X	X	X	X
Vision	8.443364748	-2.78942	2.50517	0.996805	X	X
Vision	8.459655029	-2.8006	2.49873	0.997553	X	X
Tick	8.467004398	-2.79688	2.50253	X	-0.610902	-0.212216	X	X	X	X	X	X	X	X	X	X	X	X	X	X	X	X	X	X	X	X	X	X	X	X	X	X	X	X	X	X	X	X	X	X	X	X	X	X	X	X	X	X	X	X	X	X	X	X
Vision	8.476224838	-2.79974	2.50378	0.993968	X	X
Vision	8.492656873	-2.79783	2.50374	0.991586	X	X
Tick	8.500315960	-2.80711	2.50193	X	-0.612309	-0.126037	X	X	X	X	X	X	X	X	X	X	X	X	X	X	X	X	X	X	X	X	X	X	X	X	X	X	X	X	X	X	X	X	X	X	X	X	X	X	X	X	X	X	X	X	X	X	X	X
Vision	8.508840888	-2.81217	2.50058	1	X	X
Vision	8.524636320	-2.82048	2.50076	0.996805	X	X
Tick	8.533699160	-2.82301	2.49977	X	-0.79972	-0.118209	X	X	X	X	X	X	X	X	X	X	X	X	X	X	X	X	X	X	X	X	X	X	X	X	X	X	X	X	X	X	X	X	X	X	X	X	X	X	X	X	X	X	X	X	X	X	X	X
Vision	8.540960589	-2.82087	2.4987	0.998202	X	X
Vision	8.557175344	-2.82214	2.50014	0.995958	X	X
Tick	8.567006991	-2.83126	2.49716	X	-0.644323	-0.137813	X	X	X	X	X	X	X	X	X	X	X	X	X	X	X	X	X	X	X	X	X	X	X	X	X	X	X	X	X	X	X	X	X	X	X	X	X	X	X	X	X	X	X	X	X	X	X	X
Vision	8.589761790	-2.84109	2.49693	0.995958	X	X
Tick	8.600220055	-2.84479	2.49639	X	-0.733256	-0.089717	X	X	X	X	X	X	X	X	X	X	X	X	X	X	X	X	X	X	X	X	X	X	X	X	X	X	X	X	X	X	X	X	X	X	X	X	X	X	X	X	X	X	X	X	X	X	X	X
Vision	8.605818378	-2.84111	2.49067	0.9992	X	X
Vision	8.622056391	-2.84441	2.49179	0.996805	X	X
Tick	8.633563909	-2.84819	2.49109	X	-0.423765	-0.223158	X	X	X	X	X	X	X	X	X	X	X	X	X	X	X	X	X	X	X	X	X	X	X	X	X	X	X	X	X	X	X	X	X	X	X	X	X	X	X	X	X	X	X	X	X	X	X	X
Vision	8.638413732	-2.85068	2.48714	0.99955	X	X
Vision	8.654573786	-2.85304	2.48214	0.9992	X	X
Tick	8.666911765	-2.85611	2.48086	X	-0.439823	-0.436583	X	X	X	X	X	X	X	X	X	X	X	X	X	X	X	X	X	X	X	X	X	X	X	X	X	X	X	X	X	X	X	X	X	X	X	X	X	X	X	X	X	X	X	X	X	X	X	X
Vision	8.670920638	-2.86174	2.48036	0.996805	X	X
Vision	8.695997563	-2.86129	2.48086	0.996805	X	X
Tick	8.700219549	-2.86851	2.47399	X	-0.590992	-0.42419	X	X	X	X	X	X	X	X	X	X	X	X	X	X	X	X	X	X	X	X	X	X	X	X	X	X	X	X	X	X	X	X	X	X	X	X	X	X	X	X	X	X	X	X	X	X	X	X
Vision	8.703548733	-2.86582	2.47772	0.995958	X	X
Vision	8.719715917	-2.86256	2.4875	0.995012	X	X
Tick	8.733553703	-2.87304	2.47334	X	-0.442122	-0.2448	X	X	X	X	X	X	X	X	X	X	X	X	X	X	X	X	X	X	X	X	X	X	X	X	X	X	X	X	X	X	X	X	X	X	X	X	X	X	X	X	X	X	X	X	X	X	X	X
Vision	8.736230456	-2.86346	2.47775	0.992826	X	X
Vision	8.752440788	-2.88166	2.48255	0.995958	X	X
Tick	8.767004154	-2.88577	2.4831	X	-0.596917	0.157525	X	X	X	X	X	X	X	X	X	X	X	X	X	X	X	X	X	X	X	X	X	X	X	X	X	X	X	X	X	X	X	X	X	X	X	X	X	X	X	X	X	X	X	X	X	X	X	X
Vision	8.768753286	-2.88204	2.48032	0.997553	X	X
Vision	8.785060142	-2.883	2.47571	0.993968	X	X
Tick	8.800341451	-2.8912	2.48262	X	-0.484681	0.080624	X	X	X	X	X	X	X	X	X	X	X	X	X	X	X	X	X	X	X	X	X	X	X	X	X	X	X	X	X	X	X	X	X	X	X	X	X	X	X	X	X	X	X	X	X	X	X	X
Vision	8.801162297	-2.88984	2.46586	0.99955	X	X
Vision	8.817166067	-2.88562	2.46939	0.996805	X	X
Tick	8.833557284	-2.88729	2.46674	X	-0.137283	-0.419416	X	X	X	X	X	X	X	X	X	X	X	X	X	X	X	X	X	X	X	X	X	X	X	X	X	X	X	X	X	X	X	X	X	X	X	X	X	X	X	X	X	X	X	X	X	X	X	X
Vision	8.833647777	-2.89104	2.46345	0.998202	X	X
Vision	8.849973576	-2.89962	2.45957	0.9992	X	X
Vision	8.866073259	-2.90143	2.46147	0.995958	X	X
Tick	8.866940447	-2.90033	2.46047	X	-0.549703	-0.303441	X	X	X	X	X	X	X	X	X	X	X	X	X	X	X	X	X	X	X	X	X	X	X	X	X	X	X	X	X	X	X	X	X	X	X	X	X	X	X	X	X	X	X	X	X	X	X	X
Vision	8.882354676	-2.90231	2.46307	0.992826	X	X
Vision	8.898442094	-2.90175	2.45714	0.995958	X	X
Tick	8.900229629	-2.90738	2.46	X	-0.479885	-0.151362	X	X	X	X	X	X	X	X	X	X	X	X	X	X	X	X	X	X	X	X	X	X	X	X	X	X	X	X	X	X	X	X	X	X	X	X	X	X	X	X	X	X	X	X	X	X	X	X
Vision	8.914616760	-2.91232	2.45959	0.998202	X	X
Tick	8.933551463	-2.91718	2.45831	X	-0.539041	-0.123999	X	X	X	X	X	X	X	X	X	X	X	X	X	X	X	X	X	X	X	X	X	X	X	X	X	X	X	X	X	X	X	X	X	X	X	X	X	X	X	X	X	X	X	X	X	X	X	X
Vision	8.947349241	-2.91937	2.45339	0.998202	X	X
Vision	8.963345163	-2.92264	2.45097	0.9992	X	X
Tick	8.966915010	-2.92373	2.4507	X	-0.455931	-0.304004	X	X	X	X	X	X	X	X	X	X	X	X	X	X	X	X	X	X	X	X	X	X	X	X	X	X	X	X	X	X	X	X	X	X	X	X	X	X	X	X	X	X	X	X	X	X	X	X
Vision	8.980008330	-2.92232	2.45099	0.996805	X	X
Vision	8.995858863	-2.92619	2.44297	0.995958	X	X
Tick	9.000247412	-2.92702	2.44424	X	-0.307637	-0.398477	X	X	X	X	X	X	X	X	X	X	X	X	X	X	X	X	X	X	X	X	X	X	X	X	X	X	X	X	X	X	X	X	X	X	X	X	X	X	X	X	X	X	X	X	X	X	X	X
Vision	9.012415693	-2.93227	2.44331	0.998202	X	X
Vision	9.028465433	-2.94059	2.44065	0.998751	X	X
Tick	9.033554235	-2.93533	2.43901	X	-0.416032	-0.350368	X	X	X	X	X	X	X	X	X	X	X	X	X	X	X	X	X	X	X	X	X	X	X	X	X	X	X	X	X	X	X	X	X	X	X	X	X	X	X	X	X	X	X	X	X	X	X	X
Vision	9.044907245	-2.94097	2.44278	0.992826	X	X
Vision	9.060954466	-2.9421	2.44235	0.995012	X	X
Tick	9.066911732	-2.94445	2.44162	X	-0.465416	-0.074046	X	X	X	X	X	X	X	X	X	X	X	X	X	X	X	X	X	X	X	X	X	X	X	X	X	X	X	X	X	X	X	X	X	X	X	X	X	X	X	X	X	X	X	X	X	X	X	X
Vision	9.077364750	-2.94247	2.43989	0.996805	X	X
Vision	9.093691535	-2.94417	2.44249	0.995012	X	X
Tick	9.100246716	-2.94607	2.44121	X	-0.244865	-0.020593	X	X	X	X	X	X	X	X	X	X	X	X	X	X	X	X	X	X	X	X	X	X	X	X	X	X	X	X	X	X	X	X	X	X	X	X	X	X	X	X	X	X	X	X	X	X	X	X
Vision	9.109804136	-2.94432	2.44047	0.992826	X	X
Tick	9.133560180	-2.9473	2.44024	X	-0.152121	-0.040976	X	X	X	X	X	X	X	X	X	X	X	X	X	X	X	X	X	X	X	X	X	X	X	X	X	X	X	X	X	X	X	X	X	X	X	X	X	X	X	X	X	X	X	X	X	X	X	X
Vision	9.142212169	-2.95149	2.43117	0.996805	X	X
Vision	9.158602580	-2.96034	2.4262	0.998202	X	X
Tick	9.166886383	-2.95455	2.42768	X	-0.294619	-0.400519	X	X	X	X	X	X	X	X	X	X	X	X	X	X	X	X	X	X	X	X	X	X	X	X	X	X	X	X	X	X	X	X	X	X	X	X	X	X	X	X	X	X	X	X	X	X	X	X
Vision	9.174905603	-2.95948	2.42336	0.997553	X	X
Vision	9.191131593	-2.96127	2.41838	0.996805	X	X
Tick	9.200289782	-2.96354	2.41634	X	-0.402436	-0.543527	X	X	X	X	X	X	X	X	X	X	X	X	X	X	X	X	X	X	X	X	X	X	X	X	X	X	X	X	X	X	X	X	X	X	X	X	X	X	X	X	X	X	X	X	X	X	X	X
Vision	9.207102165	-2.96166	2.41634	0.998202	X	X
Vision	9.223334856	-2.96521	2.42758	0.988813	X	X
Tick	9.233552662	-2.96698	2.40916	X	-0.303648	-0.48716	X	X	X	X	X	X	X	X	X	X	X	X	X	X	X	X	X	X	X	X	X	X	X	X	X	X	X	X	X	X	X	X	X	X	X	X	X	X	X	X	X	X	X	X	X	X	X	X
Vision	9.256180626	-2.9644	2.42032	0.998202	X	X
Tick	9.266994090	-2.9652	2.42002	X	-0.088829	0.107954	X	X	X	X	X	X	X	X	X	X	X	X	X	X	X	X	X	X	X	X	X	X	X	X	X	X	X	X	X	X	X	X	X	X	X	X	X	X	X	X	X	X	X	X	X	X	X	X
Vision	9.272215694	-2.96145	2.41714	0.995958	X	X
Vision	9.288561314	-2.96443	2.41401	0.992826	X	X
Tick	9.300248358	-2.96393	2.41527	X	-0.033876	-0.100807	X	X	X	X	X	X	X	X	X	X	X	X	X	X	X	X	X	X	X	X	X	X	X	X	X	X	X	X	X	X	X	X	X	X	X	X	X	X	X	X	X	X	X	X	X	X	X	X
Vision	9.321033767	-2.9789	2.41184	0.995958	X	X
Tick	9.333521085	-2.96449	2.41359	X	-0.033865	-0.100773	X	X	X	X	X	X	X	X	X	X	X	X	X	X	X	X	X	X	X	X	X	X	X	X	X	X	X	X	X	X	X	X	X	X	X	X	X	X	X	X	X	X	X	X	X	X	X	X
Vision	9.337371466	-2.97219	2.41138	0.998202	X	X
Vision	9.353831483	-2.9737	2.41017	0.9992	X	X
Tick	9.366956088	-2.97582	2.40902	X	-0.291573	-0.170283	X	X	X	X	X	X	X	X	X	X	X	X	X	X	X	X	X	X	X	X	X	X	X	X	X	X	X	X	X	X	X	X	X	X	X	X	X	X	X	X	X	X	X	X	X	X	X	X
Vision	9.369898908	-2.97842	2.40613	0.998202	X	X
Vision	9.386141693	-2.98049	2.40276	0.995958	X	X
Tick	9.400311601	-2.98297	2.4015	X	-0.355992	-0.321776	X	X	X	X	X	X	X	X	X	X	X	X	X	X	X	X	X	X	X	X	X	X	X	X	X	X	X	X	X	X	X	X	X	X	X	X	X	X	X	X	X	X	X	X	X	X	X	X
Vision	9.402339889	-2.98158	2.39954	0.995012	X	X
Tick	9.433572663	-2.98698	2.39436	X	-0.300153	-0.373721	X	X	X	X	X	X	X	X	X	X	X	X	X	X	X	X	X	X	X	X	X	X	X	X	X	X	X	X	X	X	X	X	X	X	X	X	X	X	X	X	X	X	X	X	X	X	X	X
Vision	9.435105339	-2.98195	2.39709	0.996805	X	X
Vision	9.451059323	-2.98139	2.39499	0.998202	X	X
Tick	9.467033072	-2.98232	2.39294	X	-0.024498	-0.239816	X	X	X	X	X	X	X	X	X	X	X	X	X	X	X	X	X	X	X	X	X	X	X	X	X	X	X	X	X	X	X	X	X	X	X	X	X	X	X	X	X	X	X	X	X	X	X	X
Vision	9.467271475	-2.98193	2.39559	0.995012	X	X
Vision	9.483486600	-2.98195	2.39709	0.996805	X	X
Vision	9.499888141	-2.98158	2.39954	0.995012	X	X
Tick	9.500302564	-2.98178	2.39783	X	0.011125	0.099424	X	X	X	X	X	X	X	X	X	X	X	X	X	X	X	X	X	X	X	X	X	X	X	X	X	X	X	X	X	X	X	X	X	X	X	X	X	X	X	X	X	X	X	X	X	X	X	X
Vision	9.516271431	-2.98185	2.3995	0.993968	X	X
Vision	9.532509033	-2.98046	2.40343	0.990248	X	X
Tick	9.533589083	-2.98094	2.40226	X	0.046788	0.229946	X	X	X	X	X	X	X	X	X	X	X	X	X	X	X	X	X	X	X	X	X	X	X	X	X	X	X	X	X	X	X	X	X	X	X	X	X	X	X	X	X	X	X	X	X	X	X	X
Vision	9.548549040	-2.98124	2.39865	0.991586	X	X
Vision	9.565029152	-2.98338	2.3977	0.996805	X	X
Tick	9.566912060	-2.98239	2.39909	X	-0.056917	-0.052445	X	X	X	X	X	X	X	X	X	X	X	X	X	X	X	X	X	X	X	X	X	X	X	X	X	X	X	X	X	X	X	X	X	X	X	X	X	X	X	X	X	X	X	X	X	X	X	X
Vision	9.580997809	-2.9825	2.39677	0.995012	X	X
Vision	9.597257561	-2.98246	2.39873	0.991586	X	X
Tick	9.600272196	-2.98272	2.39782	X	-0.030336	-0.047326	X	X	X	X	X	X	X	X	X	X	X	X	X	X	X	X	X	X	X	X	X	X	X	X	X	X	X	X	X	X	X	X	X	X	X	X	X	X	X	X	X	X	X	X	X	X	X	X
Vision	9.629811497	-2.99058	2.39267	0.998751	X	X
Tick	9.633547344	-2.98999	2.39297	X	-0.32939	-0.226741	X	X	X	X	X	X	X	X	X	X	X	X	X	X	X	X	X	X	X	X	X	X	X	X	X	X	X	X	X	X	X	X	X	X	X	X	X	X	X	X	X	X	X	X	X	X	X	X
Tick	9.666836760	-2.99547	2.3892	X	-0.329279	-0.226665	X	X	X	X	X	X	X	X	X	X	X	X	X	X	X	X	X	X	X	X	X	X	X	X	X	X	X	X	X	X	X	X	X	X	X	X	X	X	X	X	X	X	X	X	X	X	X	X
Vision	9.678603046	-2.9955	2.39313	0.990248	X	X
Tick	9.700190676	-2.99843	2.39239	X	-0.262176	-0.042639	X	X	X	X	X	X	X	X	X	X	X	X	X	X	X	X	X	X	X	X	X	X	X	X	X	X	X	X	X	X	X	X	X	X	X	X	X	X	X	X	X	X	X	X	X	X	X	X
Vision	9.702724551	-2.99716	2.38922	0.993968	X	X
Vision	9.727222964	-3.00019	2.38213	0.990248	X	X
Tick	9.733608111	-3.00085	2.38249	X	-0.211495	-0.372081	X	X	X	X	X	X	X	X	X	X	X	X	X	X	X	X	X	X	X	X	X	X	X	X	X	X	X	X	X	X	X	X	X	X	X	X	X	X	X	X	X	X	X	X	X	X	X	X
Vision	9.743443985	-2.9936	2.38747	0.995958	X	X
Vision	9.759823606	-2.98635	2.3903	0.992826	X	X
Tick	9.766937934	-3.00438	2.37628	X	-0.211424	-0.371956	X	X	X	X	X	X	X	X	X	X	X	X	X	X	X	X	X	X	X	X	X	X	X	X	X	X	X	X	X	X	X	X	X	X	X	X	X	X	X	X	X	X	X	X	X	X	X	X
Vision	9.775878013	-2.9852	2.38496	0.996805	X	X
Vision	9.792541290	-2.98655	2.38036	0.991586	X	X
Tick	9.800312616	-2.98547	2.37974	X	0.381115	-0.116773	X	X	X	X	X	X	X	X	X	X	X	X	X	X	X	X	X	X	X	X	X	X	X	X	X	X	X	X	X	X	X	X	X	X	X	X	X	X	X	X	X	X	X	X	X	X	X	X
Vision	9.808872113	-2.99235	2.38368	0.997553	X	X
Vision	9.825121651	-2.99469	2.38254	0.998751	X	X
Tick	9.833653761	-2.97911	2.37779	X	0.380987	-0.116734	X	X	X	X	X	X	X	X	X	X	X	X	X	X	X	X	X	X	X	X	X	X	X	X	X	X	X	X	X	X	X	X	X	X	X	X	X	X	X	X	X	X	X	X	X	X	X	X
Vision	9.841062001	-2.99527	2.37755	0.998202	X	X
Vision	9.857338207	-2.98949	2.37955	0.997553	X	X
Tick	9.866937930	-2.99726	2.37612	X	-0.231455	-0.109913	X	X	X	X	X	X	X	X	X	X	X	X	X	X	X	X	X	X	X	X	X	X	X	X	X	X	X	X	X	X	X	X	X	X	X	X	X	X	X	X	X	X	X	X	X	X	X	X
Vision	9.873460600	-3.00012	2.37421	0.995012	X	X
Vision	9.890060969	-2.99104	2.37915	0.998202	X	X
Tick	9.900341928	-3.00395	2.3722	X	-0.310188	-0.16784	X	X	X	X	X	X	X	X	X	X	X	X	X	X	X	X	X	X	X	X	X	X	X	X	X	X	X	X	X	X	X	X	X	X	X	X	X	X	X	X	X	X	X	X	X	X	X	X
Vision	9.906085037	-2.9998	2.37452	0.993968	X	X
Vision	9.922435725	-2.99294	2.37707	0.9992	X	X
Tick	9.933586907	-3.00212	2.37329	X	-0.113925	-0.058841	X	X	X	X	X	X	X	X	X	X	X	X	X	X	X	X	X	X	X	X	X	X	X	X	X	X	X	X	X	X	X	X	X	X	X	X	X	X	X	X	X	X	X	X	X	X	X	X
Vision	9.938539879	-3.00042	2.37447	0.995958	X	X
Vision	9.954742492	-2.9953	2.37999	0.996805	X	X
Tick	9.966871051	-3.00124	2.37417	X	-0.037203	-0.00736	X	X	X	X	X	X	X	X	X	X	X	X	X	X	X	X	X	X	X	X	X	X	X	X	X	X	X	X	X	X	X	X	X	X	X	X	X	X	X	X	X	X	X	X	X	X	X	X
Vision	9.971287002	-2.99399	2.37986	0.997553	X	X
Vision	9.987479126	-2.99672	2.37707	0.991586	X	X
Tick	10.000230203	-2.99458	2.379	X	0.13611	0.101744	X	X	X	X	X	X	X	X	X	X	X	X	X	X	X	X	X	X	X	X	X	X	X	X	X	X	X	X	X	X	X	X	X	X	X	X	X	X	X	X	X	X	X	X	X	X	X	X
Vision	10.003566828	-3.00042	2.37447	0.995958	X	X
Vision	10.019799692	-2.99527	2.37755	0.998202	X	X
Tick	10.033538885	-2.99456	2.37798	X	0.054878	0.003762	X	X	X	X	X	X	X	X	X	X	X	X	X	X	X	X	X	X	X	X	X	X	X	X	X	X	X	X	X	X	X	X	X	X	X	X	X	X	X	X	X	X	X	X	X	X	X	X
Vision	10.036308637	-2.99166	2.37917	0.998751	X	X
Vision	10.052410704	-2.99533	2.37897	0.998202	X	X
Tick	10.066893620	-2.99363	2.37928	X	0.025143	0.036763	X	X	X	X	X	X	X	X	X	X	X	X	X	X	X	X	X	X	X	X	X	X	X	X	X	X	X	X	X	X	X	X	X	X	X	X	X	X	X	X	X	X	X	X	X	X	X	X
Vision	10.068745651	-2.9998	2.37452	0.993968	X	X
Vision	10.085004911	-2.99839	2.37667	0.992826	X	X
Tick	10.100219817	-2.99892	2.37652	X	-0.1765	-0.08245	X	X	X	X	X	X	X	X	X	X	X	X	X	X	X	X	X	X	X	X	X	X	X	X	X	X	X	X	X	X	X	X	X	X	X	X	X	X	X	X	X	X	X	X	X	X	X	X
Vision	10.101430845	-2.99183	2.38034	0.995958	X	X
Vision	10.117762527	-2.99411	2.37671	0.9992	X	X
Tick	10.133649475	-2.99451	2.3762	X	0.068476	-0.047092	X	X	X	X	X	X	X	X	X	X	X	X	X	X	X	X	X	X	X	X	X	X	X	X	X	X	X	X	X	X	X	X	X	X	X	X	X	X	X	X	X	X	X	X	X	X	X	X
Vision	10.133926405	-2.99409	2.37798	0.998751	X	X
Vision	10.149914190	-2.99221	2.38023	0.997553	X	X
Vision	10.166186879	-2.99399	2.37986	0.997553	X	X
Tick	10.166970553	-2.99307	2.37989	X	0.052265	0.09253	X	X	X	X	X	X	X	X	X	X	X	X	X	X	X	X	X	X	X	X	X	X	X	X	X	X	X	X	X	X	X	X	X	X	X	X	X	X	X	X	X	X	X	X	X	X	X	X
Vision	10.182415688	-2.99889	2.37862	0.993968	X	X
Vision	10.198958261	-3.00074	2.37574	0.996805	X	X
Tick	10.200249126	-2.99958	2.37655	X	-0.292168	-0.135342	X	X	X	X	X	X	X	X	X	X	X	X	X	X	X	X	X	X	X	X	X	X	X	X	X	X	X	X	X	X	X	X	X	X	X	X	X	X	X	X	X	X	X	X	X	X	X	X
Vision	10.215020639	-2.99019	2.38119	0.996805	X	X
Vision	10.231455773	-2.99104	2.37915	0.998202	X	X
Tick	10.233524809	-3.00444	2.3743	X	-0.29207	-0.135297	X	X	X	X	X	X	X	X	X	X	X	X	X	X	X	X	X	X	X	X	X	X	X	X	X	X	X	X	X	X	X	X	X	X	X	X	X	X	X	X	X	X	X	X	X	X	X	X
Vision	10.247356671	-2.99217	2.38147	0.998751	X	X
Vision	10.263718265	-2.99399	2.37986	0.997553	X	X
Tick	10.266912182	-2.9928	2.38083	X	0.136058	0.085581	X	X	X	X	X	X	X	X	X	X	X	X	X	X	X	X	X	X	X	X	X	X	X	X	X	X	X	X	X	X	X	X	X	X	X	X	X	X	X	X	X	X	X	X	X	X	X	X
Vision	10.280126395	-2.99422	2.38115	0.998751	X	X
Vision	10.296194652	-2.9917	2.38008	0.998751	X	X
Tick	10.300242647	-2.99192	2.38086	X	0.100375	0.0219	X	X	X	X	X	X	X	X	X	X	X	X	X	X	X	X	X	X	X	X	X	X	X	X	X	X	X	X	X	X	X	X	X	X	X	X	X	X	X	X	X	X	X	X	X	X	X	X
Vision	10.312435440	-2.99296	2.3775	0.9992	X	X
Vision	10.328707842	-2.99206	2.37874	0.998751	X	X
Tick	10.333561188	-2.99189	2.37834	X	0.042729	-0.071627	X	X	X	X	X	X	X	X	X	X	X	X	X	X	X	X	X	X	X	X	X	X	X	X	X	X	X	X	X	X	X	X	X	X	X	X	X	X	X	X	X	X	X	X	X	X	X	X
Vision	10.344986103	-2.99241	2.37741	0.998751	X	X
Vision	10.361445073	-2.99609	2.37651	0.992826	X	X
Tick	10.366959870	-2.99476	2.37638	X	-0.112965	-0.100434	X	X	X	X	X	X	X	X	X	X	X	X	X	X	X	X	X	X	X	X	X	X	X	X	X	X	X	X	X	X	X	X	X	X	X	X	X	X	X	X	X	X	X	X	X	X	X	X
Vision	10.377414131	-2.99089	2.37537	0.998202	X	X
Vision	10.393746609	-2.99294	2.37707	0.9992	X	X
Tick	10.400365327	-2.99271	2.37596	X	0.012266	-0.038441	X	X	X	X	X	X	X	X	X	X	X	X	X	X	X	X	X	X	X	X	X	X	X	X	X	X	X	X	X	X	X	X	X	X	X	X	X	X	X	X	X	X	X	X	X	X	X	X
Vision	10.409986348	-3.00165	2.3725	0.992826	X	X
Vision	10.426157373	-2.99166	2.37917	0.998751	X	X
Tick	10.433622838	-2.99163	2.37898	X	0.048104	0.111188	X	X	X	X	X	X	X	X	X	X	X	X	X	X	X	X	X	X	X	X	X	X	X	X	X	X	X	X	X	X	X	X	X	X	X	X	X	X	X	X	X	X	X	X	X	X	X	X
Vision	10.442873806	-2.99039	2.37961	0.997553	X	X
Vision	10.459144304	-2.99527	2.37755	0.998202	X	X
Tick	10.467006397	-2.98978	2.38096	X	0.079349	0.114875	X	X	X	X	X	X	X	X	X	X	X	X	X	X	X	X	X	X	X	X	X	X	X	X	X	X	X	X	X	X	X	X	X	X	X	X	X	X	X	X	X	X	X	X	X	X	X	X
Vision	10.475160537	-2.99344	2.37716	0.99955	X	X
Vision	10.491195053	-2.99846	2.37856	0.992826	X	X
Tick	10.500369079	-2.99776	2.37806	X	-0.233129	-0.020717	X	X	X	X	X	X	X	X	X	X	X	X	X	X	X	X	X	X	X	X	X	X	X	X	X	X	X	X	X	X	X	X	X	X	X	X	X	X	X	X	X	X	X	X	X	X	X	X
Vision	10.507443667	-2.99159	2.37736	0.998751	X	X
Vision	10.523618296	-2.99106	2.37962	0.998202	X	X
Tick	10.533560791	-2.99189	2.37958	X	0.143361	0.051023	X	X	X	X	X	X	X	X	X	X	X	X	X	X	X	X	X	X	X	X	X	X	X	X	X	X	X	X	X	X	X	X	X	X	X	X	X	X	X	X	X	X	X	X	X	X	X	X
Vision	10.539930702	-2.98949	2.37955	0.997553	X	X
Vision	10.556265731	-2.99527	2.37755	0.998202	X	X
Tick	10.566889557	-2.98743	2.38023	X	0.202921	0.045244	X	X	X	X	X	X	X	X	X	X	X	X	X	X	X	X	X	X	X	X	X	X	X	X	X	X	X	X	X	X	X	X	X	X	X	X	X	X	X	X	X	X	X	X	X	X	X	X
Vision	10.572367444	-2.99241	2.37741	0.998751	X	X
Vision	10.588708576	-2.99572	2.37764	0.998751	X	X
Tick	10.600330436	-2.99515	2.37716	X	-0.143044	-0.061893	X	X	X	X	X	X	X	X	X	X	X	X	X	X	X	X	X	X	X	X	X	X	X	X	X	X	X	X	X	X	X	X	X	X	X	X	X	X	X	X	X	X	X	X	X	X	X	X
Vision	10.605174464	-2.99881	2.37683	0.993968	X	X
Vision	10.621228192	-2.99039	2.37961	0.997553	X	X
Tick	10.633554236	-3.00099	2.37594	X	-0.244963	-0.06753	X	X	X	X	X	X	X	X	X	X	X	X	X	X	X	X	X	X	X	X	X	X	X	X	X	X	X	X	X	X	X	X	X	X	X	X	X	X	X	X	X	X	X	X	X	X	X	X
Vision	10.637428882	-2.9998	2.37452	0.993968	X	X
Vision	10.653741218	-2.9948	2.37795	0.997553	X	X
Tick	10.666867554	-3.00269	2.37297	X	-0.177763	-0.119802	X	X	X	X	X	X	X	X	X	X	X	X	X	X	X	X	X	X	X	X	X	X	X	X	X	X	X	X	X	X	X	X	X	X	X	X	X	X	X	X	X	X	X	X	X	X	X	X
Vision	10.670267605	-3.00136	2.37207	0.991586	X	X
Vision	10.686186001	-2.99426	2.37539	0.99995	X	X
Tick	10.700200467	-3.00331	2.36998	X	-0.114528	-0.14646	X	X	X	X	X	X	X	X	X	X	X	X	X	X	X	X	X	X	X	X	X	X	X	X	X	X	X	X	X	X	X	X	X	X	X	X	X	X	X	X	X	X	X	X	X	X	X	X
Vision	10.711352706	-2.99281	2.38041	0.995958	X	X
Vision	10.718649033	-2.98914	2.37854	0.996805	X	X
Tick	10.733532750	-2.98683	2.37952	X	0.420931	0.202256	X	X	X	X	X	X	X	X	X	X	X	X	X	X	X	X	X	X	X	X	X	X	X	X	X	X	X	X	X	X	X	X	X	X	X	X	X	X	X	X	X	X	X	X	X	X	X	X
Vision	10.735014037	-2.9961	2.3769	0.990248	X	X
Vision	10.751509179	-2.99344	2.37716	0.99955	X	X
Tick	10.766843385	-2.97981	2.38289	X	0.420789	0.202188	X	X	X	X	X	X	X	X	X	X	X	X	X	X	X	X	X	X	X	X	X	X	X	X	X	X	X	X	X	X	X	X	X	X	X	X	X	X	X	X	X	X	X	X	X	X	X	X
Vision	10.767421842	-3.00012	2.37421	0.995012	X	X
Vision	10.783877128	-2.9998	2.37452	0.993968	X	X
Vision	10.800033882	-2.99281	2.38041	0.995958	X	X
Tick	10.800226799	-3.00143	2.374	X	-0.257008	-0.08806	X	X	X	X	X	X	X	X	X	X	X	X	X	X	X	X	X	X	X	X	X	X	X	X	X	X	X	X	X	X	X	X	X	X	X	X	X	X	X	X	X	X	X	X	X	X	X	X
Vision	10.816223579	-3.00216	2.37379	0.995012	X	X
Vision	10.832658055	-2.99296	2.3775	0.9992	X	X
Tick	10.833532159	-3.00419	2.3731	X	-0.208748	-0.070147	X	X	X	X	X	X	X	X	X	X	X	X	X	X	X	X	X	X	X	X	X	X	X	X	X	X	X	X	X	X	X	X	X	X	X	X	X	X	X	X	X	X	X	X	X	X	X	X
Vision	10.848697347	-2.9948	2.37795	0.997553	X	X
Vision	10.865077390	-2.99794	2.37607	0.996805	X	X
Tick	10.866866844	-2.99832	2.37592	X	0.126822	0.073182	X	X	X	X	X	X	X	X	X	X	X	X	X	X	X	X	X	X	X	X	X	X	X	X	X	X	X	X	X	X	X	X	X	X	X	X	X	X	X	X	X	X	X	X	X	X	X	X
Vision	10.881502613	-2.99039	2.37961	0.997553	X	X
Vision	10.897504636	-2.99409	2.37798	0.998751	X	X
Tick	10.900198147	-2.99416	2.37798	X	0.212088	0.108014	X	X	X	X	X	X	X	X	X	X	X	X	X	X	X	X	X	X	X	X	X	X	X	X	X	X	X	X	X	X	X	X	X	X	X	X	X	X	X	X	X	X	X	X	X	X	X	X
Vision	10.913806889	-2.99039	2.37961	0.997553	X	X
Vision	10.930107784	-3.00012	2.37421	0.995012	X	X
Tick	10.933540084	-2.98841	2.38063	X	0.28305	0.135478	X	X	X	X	X	X	X	X	X	X	X	X	X	X	X	X	X	X	X	X	X	X	X	X	X	X	X	X	X	X	X	X	X	X	X	X	X	X	X	X	X	X	X	X	X	X	X	X
Vision	10.946268652	-2.99104	2.37915	0.998202	X	X
Vision	10.962792913	-2.99572	2.37764	0.998751	X	X
Tick	10.966865296	-2.98925	2.37995	X	0.104694	0.040882	X	X	X	X	X	X	X	X	X	X	X	X	X	X	X	X	X	X	X	X	X	X	X	X	X	X	X	X	X	X	X	X	X	X	X	X	X	X	X	X	X	X	X	X	X	X	X	X
Vision	10.978758504	-3.00012	2.37421	0.995012	X	X
Vision	10.995121673	-3.00012	2.37421	0.995012	X	X
Tick	11.000198652	-3.00031	2.37408	X	-0.326992	-0.17986	X	X	X	X	X	X	X	X	X	X	X	X	X	X	X	X	X	X	X	X	X	X	X	X	X	X	X	X	X	X	X	X	X	X	X	X	X	X	X	X	X	X	X	X	X	X	X	X
Vision	11.011258512	-2.99839	2.37667	0.992826	X	X
Vision	11.027562871	-2.99407	2.37753	0.998751	X	X
Tick	11.033533701	-3.00226	2.37444	X	-0.229142	-0.085986	X	X	X	X	X	X	X	X	X	X	X	X	X	X	X	X	X	X	X	X	X	X	X	X	X	X	X	X	X	X	X	X	X	X	X	X	X	X	X	X	X	X	X	X	X	X	X	X
Vision	11.043663076	-2.99241	2.37741	0.998751	X	X
Vision	11.060245287	-2.99529	2.37897	0.997553	X	X
Tick	11.066866323	-2.99541	2.37904	X	0.128973	0.116619	X	X	X	X	X	X	X	X	X	X	X	X	X	X	X	X	X	X	X	X	X	X	X	X	X	X	X	X	X	X	X	X	X	X	X	X	X	X	X	X	X	X	X	X	X	X	X	X
Vision	11.076672910	-2.99342	2.37986	0.996805	X	X
Vision	11.092428438	-2.99527	2.37755	0.998202	X	X
Tick	11.100223986	-2.9938	2.37902	X	0.089542	0.0332	X	X	X	X	X	X	X	X	X	X	X	X	X	X	X	X	X	X	X	X	X	X	X	X	X	X	X	X	X	X	X	X	X	X	X	X	X	X	X	X	X	X	X	X	X	X	X	X
Vision	11.108949220	-2.99241	2.37741	0.998751	X	X
Vision	11.125527998	-2.99104	2.37915	0.998202	X	X
Tick	11.133572583	-2.99076	2.37874	X	0.145833	0.016977	X	X	X	X	X	X	X	X	X	X	X	X	X	X	X	X	X	X	X	X	X	X	X	X	X	X	X	X	X	X	X	X	X	X	X	X	X	X	X	X	X	X	X	X	X	X	X	X
Vision	11.141624039	-3.00042	2.37447	0.995958	X	X
Vision	11.157564228	-3.00136	2.37207	0.991586	X	X
Tick	11.166841374	-2.98834	2.37902	X	0.145784	0.016972	X	X	X	X	X	X	X	X	X	X	X	X	X	X	X	X	X	X	X	X	X	X	X	X	X	X	X	X	X	X	X	X	X	X	X	X	X	X	X	X	X	X	X	X	X	X	X	X
Vision	11.173849946	-2.99294	2.37707	0.9992	X	X
Vision	11.190012209	-2.99793	2.37715	0.991586	X	X
Tick	11.200226205	-2.99703	2.37678	X	-0.167379	-0.044418	X	X	X	X	X	X	X	X	X	X	X	X	X	X	X	X	X	X	X	X	X	X	X	X	X	X	X	X	X	X	X	X	X	X	X	X	X	X	X	X	X	X	X	X	X	X	X	X
Vision	11.206411665	-2.98872	2.37954	0.996805	X	X
Vision	11.222622181	-2.99172	2.38053	0.998751	X	X
Tick	11.233531157	-2.99229	2.38049	X	0.118839	0.124845	X	X	X	X	X	X	X	X	X	X	X	X	X	X	X	X	X	X	X	X	X	X	X	X	X	X	X	X	X	X	X	X	X	X	X	X	X	X	X	X	X	X	X	X	X	X	X	X
Vision	11.238813480	-2.99294	2.37707	0.9992	X	X
Vision	11.255010918	-2.9911	2.38056	0.998202	X	X
Tick	11.266890527	-2.99074	2.38017	X	0.112924	0.073988	X	X	X	X	X	X	X	X	X	X	X	X	X	X	X	X	X	X	X	X	X	X	X	X	X	X	X	X	X	X	X	X	X	X	X	X	X	X	X	X	X	X	X	X	X	X	X	X
Vision	11.271315415	-2.99527	2.37755	0.998202	X	X
Vision	11.287712606	-2.99531	2.37761	0.998751	X	X
Tick	11.300224362	-2.99522	2.37771	X	-0.090279	-0.043723	X	X	X	X	X	X	X	X	X	X	X	X	X	X	X	X	X	X	X	X	X	X	X	X	X	X	X	X	X	X	X	X	X	X	X	X	X	X	X	X	X	X	X	X	X	X	X	X
Vision	11.303925434	-2.997	2.37478	0.995958	X	X
Vision	11.320044521	-2.99062	2.38019	0.996805	X	X
Tick	11.333531118	-2.99845	2.37393	X	-0.141364	-0.134317	X	X	X	X	X	X	X	X	X	X	X	X	X	X	X	X	X	X	X	X	X	X	X	X	X	X	X	X	X	X	X	X	X	X	X	X	X	X	X	X	X	X	X	X	X	X	X	X
Vision	11.336338819	-2.99241	2.37741	0.998751	X	X
Vision	11.352596560	-2.9948	2.37795	0.997553	X	X
Tick	11.366942472	-2.99372	2.37792	X	0.041197	0.045183	X	X	X	X	X	X	X	X	X	X	X	X	X	X	X	X	X	X	X	X	X	X	X	X	X	X	X	X	X	X	X	X	X	X	X	X	X	X	X	X	X	X	X	X	X	X	X	X
Vision	11.368804865	-2.99294	2.37707	0.9992	X	X
Vision	11.385124567	-2.9948	2.37795	0.997553	X	X
Tick	11.400294531	-2.99398	2.37802	X	-0.001886	0.030053	X	X	X	X	X	X	X	X	X	X	X	X	X	X	X	X	X	X	X	X	X	X	X	X	X	X	X	X	X	X	X	X	X	X	X	X	X	X	X	X	X	X	X	X	X	X	X	X
Vision	11.401671307	-2.9998	2.37452	0.993968	X	X
Vision	11.417828705	-2.99357	2.37791	0.998202	X	X
Tick	11.433561312	-2.99352	2.37808	X	0.01531	0.014601	X	X	X	X	X	X	X	X	X	X	X	X	X	X	X	X	X	X	X	X	X	X	X	X	X	X	X	X	X	X	X	X	X	X	X	X	X	X	X	X	X	X	X	X	X	X	X	X
Vision	11.433873236	-2.99053	2.3792	0.995012	X	X
Vision	11.450374315	-2.98872	2.37954	0.996805	X	X
Vision	11.466357477	-2.99455	2.37761	0.9992	X	X
Tick	11.466929905	-2.98813	2.3799	X	0.166033	0.058545	X	X	X	X	X	X	X	X	X	X	X	X	X	X	X	X	X	X	X	X	X	X	X	X	X	X	X	X	X	X	X	X	X	X	X	X	X	X	X	X	X	X	X	X	X	X	X	X
Vision	11.482551856	-2.99881	2.37683	0.993968	X	X
Vision	11.498856008	-2.99241	2.37741	0.998751	X	X
Tick	11.500221341	-2.99209	2.37756	X	-0.083251	-0.064307	X	X	X	X	X	X	X	X	X	X	X	X	X	X	X	X	X	X	X	X	X	X	X	X	X	X	X	X	X	X	X	X	X	X	X	X	X	X	X	X	X	X	X	X	X	X	X	X
Vision	11.515174147	-2.99413	2.37889	0.998751	X	X
Vision	11.531613964	-2.99344	2.38038	0.996805	X	X
Tick	11.533720162	-2.99401	2.3795	X	-0.0864	0.048305	X	X	X	X	X	X	X	X	X	X	X	X	X	X	X	X	X	X	X	X	X	X	X	X	X	X	X	X	X	X	X	X	X	X	X	X	X	X	X	X	X	X	X	X	X	X	X	X
Vision	11.547426201	-2.99294	2.37707	0.9992	X	X
Vision	11.563743877	-3.00014	2.37478	0.995012	X	X
Tick	11.567002248	-2.99398	2.37786	X	-0.035221	-0.03671	X	X	X	X	X	X	X	X	X	X	X	X	X	X	X	X	X	X	X	X	X	X	X	X	X	X	X	X	X	X	X	X	X	X	X	X	X	X	X	X	X	X	X	X	X	X	X	X
Vision	11.580039521	-2.99219	2.37974	0.997553	X	X
Vision	11.596341314	-2.99187	2.38142	0.995958	X	X
Tick	11.600301690	-2.99186	2.38105	X	0.054682	0.098961	X	X	X	X	X	X	X	X	X	X	X	X	X	X	X	X	X	X	X	X	X	X	X	X	X	X	X	X	X	X	X	X	X	X	X	X	X	X	X	X	X	X	X	X	X	X	X	X
Vision	11.612610840	-2.99104	2.37915	0.998202	X	X
Vision	11.628938222	-2.99793	2.37715	0.991586	X	X
Tick	11.633644185	-2.99051	2.38038	X	0.069073	0.022685	X	X	X	X	X	X	X	X	X	X	X	X	X	X	X	X	X	X	X	X	X	X	X	X	X	X	X	X	X	X	X	X	X	X	X	X	X	X	X	X	X	X	X	X	X	X	X	X
Vision	11.645126033	-3.00162	2.37187	0.992826	X	X
Vision	11.661334428	-2.99344	2.38038	0.996805	X	X
Tick	11.666874291	-2.99342	2.38043	X	-0.070236	0.011338	X	X	X	X	X	X	X	X	X	X	X	X	X	X	X	X	X	X	X	X	X	X	X	X	X	X	X	X	X	X	X	X	X	X	X	X	X	X	X	X	X	X	X	X	X	X	X	X
Vision	11.677732407	-3.00136	2.37207	0.991586	X	X
Vision	11.694030164	-2.99344	2.37716	0.99955	X	X
Tick	11.700337898	-2.9937	2.37733	X	-0.035704	-0.115173	X	X	X	X	X	X	X	X	X	X	X	X	X	X	X	X	X	X	X	X	X	X	X	X	X	X	X	X	X	X	X	X	X	X	X	X	X	X	X	X	X	X	X	X	X	X	X	X
Vision	11.717879473	-2.99136	2.38205	0.99955	X	X
Vision	11.726429693	-2.99225	2.37876	0.995958	X	X
Tick	11.733693083	-2.99185	2.37992	X	0.047123	0.03255	X	X	X	X	X	X	X	X	X	X	X	X	X	X	X	X	X	X	X	X	X	X	X	X	X	X	X	X	X	X	X	X	X	X	X	X	X	X	X	X	X	X	X	X	X	X	X	X
Vision	11.742769189	-2.99294	2.37707	0.9992	X	X
Vision	11.759321908	-2.99296	2.3775	0.9992	X	X
Tick	11.767000772	-2.99275	2.37737	X	-0.013233	-0.071362	X	X	X	X	X	X	X	X	X	X	X	X	X	X	X	X	X	X	X	X	X	X	X	X	X	X	X	X	X	X	X	X	X	X	X	X	X	X	X	X	X	X	X	X	X	X	X	X
Vision	11.775460935	-3.00042	2.37447	0.995958	X	X
Vision	11.791567032	-2.99357	2.37791	0.998202	X	X
Tick	11.800334623	-2.99363	2.37761	X	-0.039671	-0.014397	X	X	X	X	X	X	X	X	X	X	X	X	X	X	X	X	X	X	X	X	X	X	X	X	X	X	X	X	X	X	X	X	X	X	X	X	X	X	X	X	X	X	X	X	X	X	X	X
Vision	11.807705898	-2.99348	2.38141	0.996805	X	X
Vision	11.824020064	-3.00042	2.37447	0.995958	X	X
Tick	11.833669347	-2.99398	2.3814	X	-0.03054	0.102663	X	X	X	X	X	X	X	X	X	X	X	X	X	X	X	X	X	X	X	X	X	X	X	X	X	X	X	X	X	X	X	X	X	X	X	X	X	X	X	X	X	X	X	X	X	X	X	X
Vision	11.840270257	-2.99294	2.37707	0.9992	X	X
Vision	11.856410270	-2.99572	2.37764	0.998751	X	X
Tick	11.866922783	-2.99513	2.3771	X	-0.067681	-0.068988	X	X	X	X	X	X	X	X	X	X	X	X	X	X	X	X	X	X	X	X	X	X	X	X	X	X	X	X	X	X	X	X	X	X	X	X	X	X	X	X	X	X	X	X	X	X	X	X
Vision	11.872664478	-2.99529	2.37802	0.998202	X	X
Vision	11.888860283	-2.99527	2.37755	0.998202	X	X
Tick	11.900251291	-2.99578	2.3773	X	-0.048761	-0.027031	X	X	X	X	X	X	X	X	X	X	X	X	X	X	X	X	X	X	X	X	X	X	X	X	X	X	X	X	X	X	X	X	X	X	X	X	X	X	X	X	X	X	X	X	X	X	X	X
Vision	11.905182890	-2.99572	2.37764	0.998751	X	X
Vision	11.921619254	-3.00165	2.3725	0.992826	X	X
Tick	11.933554625	-2.9964	2.37728	X	-0.043065	-0.013955	X	X	X	X	X	X	X	X	X	X	X	X	X	X	X	X	X	X	X	X	X	X	X	X	X	X	X	X	X	X	X	X	X	X	X	X	X	X	X	X	X	X	X	X	X	X	X	X
Vision	11.937887938	-3.00162	2.37187	0.992826	X	X
Vision	11.954172966	-2.99151	2.37554	0.998751	X	X
Tick	11.966888205	-3.00443	2.36937	X	-0.249988	-0.231271	X	X	X	X	X	X	X	X	X	X	X	X	X	X	X	X	X	X	X	X	X	X	X	X	X	X	X	X	X	X	X	X	X	X	X	X	X	X	X	X	X	X	X	X	X	X	X	X
Vision	11.970339646	-2.99221	2.38023	0.997553	X	X
Vision	11.986449215	-2.99294	2.37707	0.9992	X	X
Tick	12.000223719	-2.99203	2.37735	X	0.238244	0.117536	X	X	X	X	X	X	X	X	X	X	X	X	X	X	X	X	X	X	X	X	X	X	X	X	X	X	X	X	X	X	X	X	X	X	X	X	X	X	X	X	X	X	X	X	X	X	X	X
Vision	12.002981953	-2.99375	2.3794	0.995958	X	X
Vision	12.019057559	-2.98872	2.37954	0.996805	X	X
Tick	12.033576969	-2.98796	2.38087	X	0.265786	0.151983	X	X	X	X	X	X	X	X	X	X	X	X	X	X	X	X	X	X	X	X	X	X	X	X	X	X	X	X	X	X	X	X	X	X	X	X	X	X	X	X	X	X	X	X	X	X	X	X
Vision	12.035368254	-2.99109	2.38037	0.995012	X	X
Vision	12.051473235	-2.99881	2.37683	0.993968	X	X
Tick	12.066901532	-2.9872	2.38272	X	0.159773	0.132051	X	X	X	X	X	X	X	X	X	X	X	X	X	X	X	X	X	X	X	X	X	X	X	X	X	X	X	X	X	X	X	X	X	X	X	X	X	X	X	X	X	X	X	X	X	X	X	X
Vision	12.067685662	-2.9948	2.37795	0.997553	X	X
Vision	12.084253700	-2.99344	2.37716	0.99955	X	X
Tick	12.100243394	-2.99478	2.37676	X	-0.109526	-0.09568	X	X	X	X	X	X	X	X	X	X	X	X	X	X	X	X	X	X	X	X	X	X	X	X	X	X	X	X	X	X	X	X	X	X	X	X	X	X	X	X	X	X	X	X	X	X	X	X
Vision	12.100249615	-2.99455	2.3808	0.998202	X	X
Vision	12.116385304	-2.99839	2.37667	0.992826	X	X
Vision	12.132607176	-2.99296	2.3775	0.9992	X	X
Tick	12.133837730	-2.99889	2.37726	X	-0.19326	-0.059101	X	X	X	X	X	X	X	X	X	X	X	X	X	X	X	X	X	X	X	X	X	X	X	X	X	X	X	X	X	X	X	X	X	X	X	X	X	X	X	X	X	X	X	X	X	X	X	X
Vision	12.149013058	-2.99241	2.37741	0.998751	X	X
Vision	12.165478142	-2.99365	2.3775	0.998751	X	X
Tick	12.166931965	-2.99323	2.37732	X	0.097217	-0.02042	X	X	X	X	X	X	X	X	X	X	X	X	X	X	X	X	X	X	X	X	X	X	X	X	X	X	X	X	X	X	X	X	X	X	X	X	X	X	X	X	X	X	X	X	X	X	X	X
Vision	12.181448477	-2.99881	2.37683	0.993968	X	X
Vision	12.197748277	-2.99672	2.37707	0.991586	X	X
Tick	12.200264207	-2.99602	2.37704	X	-0.10148	-0.017901	X	X	X	X	X	X	X	X	X	X	X	X	X	X	X	X	X	X	X	X	X	X	X	X	X	X	X	X	X	X	X	X	X	X	X	X	X	X	X	X	X	X	X	X	X	X	X	X
Vision	12.214202945	-2.9948	2.37795	0.997553	X	X
Vision	12.230190414	-2.99281	2.38041	0.995958	X	X
Tick	12.233581378	-2.99392	2.37949	X	0.048342	0.09608	X	X	X	X	X	X	X	X	X	X	X	X	X	X	X	X	X	X	X	X	X	X	X	X	X	X	X	X	X	X	X	X	X	X	X	X	X	X	X	X	X	X	X	X	X	X	X	X
Vision	12.246700874	-2.99839	2.37667	0.992826	X	X
Vision	12.262722973	-2.99183	2.38034	0.995958	X	X
Tick	12.266887569	-2.99184	2.38059	X	0.104592	0.07378	X	X	X	X	X	X	X	X	X	X	X	X	X	X	X	X	X	X	X	X	X	X	X	X	X	X	X	X	X	X	X	X	X	X	X	X	X	X	X	X	X	X	X	X	X	X	X	X
Vision	12.279227240	-2.99955	2.37304	0.995012	X	X
Vision	12.295401637	-2.99004	2.37974	0.995012	X	X
Tick	12.300222905	-2.9898	2.38002	X	0.116517	0.000376	X	X	X	X	X	X	X	X	X	X	X	X	X	X	X	X	X	X	X	X	X	X	X	X	X	X	X	X	X	X	X	X	X	X	X	X	X	X	X	X	X	X	X	X	X	X	X	X
Vision	12.311417975	-3.00047	2.37179	0.992826	X	X
Vision	12.327720167	-2.99039	2.37961	0.997553	X	X
Tick	12.333669011	-2.98996	2.37963	X	0.031988	-0.01547	X	X	X	X	X	X	X	X	X	X	X	X	X	X	X	X	X	X	X	X	X	X	X	X	X	X	X	X	X	X	X	X	X	X	X	X	X	X	X	X	X	X	X	X	X	X	X	X
Vision	12.343857980	-3.00136	2.37207	0.991586	X	X
Vision	12.360244169	-3.00162	2.37187	0.992826	X	X
Tick	12.366974030	-2.98943	2.37937	X	0.031977	-0.015465	X	X	X	X	X	X	X	X	X	X	X	X	X	X	X	X	X	X	X	X	X	X	X	X	X	X	X	X	X	X	X	X	X	X	X	X	X	X	X	X	X	X	X	X	X	X	X	X
Vision	12.376296781	-2.99578	2.379	0.998751	X	X
Vision	12.393283939	-2.99039	2.37961	0.997553	X	X
Tick	12.400338147	-2.9978	2.3787	X	-0.196268	-0.026013	X	X	X	X	X	X	X	X	X	X	X	X	X	X	X	X	X	X	X	X	X	X	X	X	X	X	X	X	X	X	X	X	X	X	X	X	X	X	X	X	X	X	X	X	X	X	X	X
Vision	12.408853812	-2.99281	2.38041	0.995958	X	X
Vision	12.425431644	-2.99294	2.37707	0.9992	X	X
Tick	12.433703390	-2.99299	2.37798	X	0.039307	-0.062912	X	X	X	X	X	X	X	X	X	X	X	X	X	X	X	X	X	X	X	X	X	X	X	X	X	X	X	X	X	X	X	X	X	X	X	X	X	X	X	X	X	X	X	X	X	X	X	X
Vision	12.441679948	-2.99294	2.37707	0.9992	X	X
Vision	12.457987165	-2.99872	2.38082	0.995958	X	X
Tick	12.467003671	-2.99244	2.37627	X	0.035994	-0.083712	X	X	X	X	X	X	X	X	X	X	X	X	X	X	X	X	X	X	X	X	X	X	X	X	X	X	X	X	X	X	X	X	X	X	X	X	X	X	X	X	X	X	X	X	X	X	X	X
Vision	12.473917266	-2.99062	2.38019	0.996805	X	X
Vision	12.490261960	-2.99232	2.37876	0.998202	X	X
Tick	12.500254508	-2.99135	2.37947	X	0.034992	0.042532	X	X	X	X	X	X	X	X	X	X	X	X	X	X	X	X	X	X	X	X	X	X	X	X	X	X	X	X	X	X	X	X	X	X	X	X	X	X	X	X	X	X	X	X	X	X	X	X
